Datetime,PID,TID,CPU,Level,Program,Module.Point,Cost(ns)
2026-07-22 20:49:48.048880628,783,809,10,1,mooncake_master,rpc_service.cpp::PutStart.PutStart,25248
2026-07-22 20:49:48.051324004,783,809,10,1,mooncake_master,rpc_service.cpp::PutStart.PutStart,13229
2026-07-22 20:49:48.053730832,783,809,10,1,mooncake_master,rpc_service.cpp::PutStart.PutStart,11274
2026-07-22 20:49:48.056111795,783,809,10,1,mooncake_master,rpc_service.cpp::PutStart.PutStart,17171
2026-07-22 20:49:48.058670928,783,809,10,1,mooncake_master,rpc_service.cpp::PutStart.PutStart,26727
2026-07-22 20:49:48.061262423,783,809,10,1,mooncake_master,rpc_service.cpp::PutStart.PutStart,13511
2026-07-22 20:49:48.063743298,783,809,10,1,mooncake_master,rpc_service.cpp::PutStart.PutStart,12542
2026-07-22 20:49:48.066391556,783,809,10,1,mooncake_master,rpc_service.cpp::PutStart.PutStart,37983
2026-07-22 20:49:48.068810427,783,809,10,1,mooncake_master,rpc_service.cpp::PutStart.PutStart,53308
2026-07-22 20:49:48.071316734,783,809,10,1,mooncake_master,rpc_service.cpp::PutStart.PutStart,11119
2026-07-22 20:49:48.073751641,783,809,10,1,mooncake_master,rpc_service.cpp::PutStart.PutStart,14709
2026-07-22 20:49:48.076124177,783,809,10,1,mooncake_master,rpc_service.cpp::PutStart.PutStart,11721
2026-07-22 20:49:48.078406853,783,809,10,1,mooncake_master,rpc_service.cpp::PutStart.PutStart,25483
2026-07-22 20:49:48.080877441,783,809,10,1,mooncake_master,rpc_service.cpp::PutStart.PutStart,10612
2026-07-22 20:49:48.083172023,783,809,10,1,mooncake_master,rpc_service.cpp::PutStart.PutStart,18932
2026-07-22 20:49:48.085718496,783,809,10,1,mooncake_master,rpc_service.cpp::PutStart.PutStart,14214
2026-07-22 20:49:48.088424883,783,809,10,1,mooncake_master,rpc_service.cpp::PutStart.PutStart,25418
2026-07-22 20:49:48.090889092,783,809,10,1,mooncake_master,rpc_service.cpp::PutStart.PutStart,46507
2026-07-22 20:49:48.093328146,783,809,10,1,mooncake_master,rpc_service.cpp::PutStart.PutStart,10352
2026-07-22 20:49:48.095725784,783,809,10,1,mooncake_master,rpc_service.cpp::PutStart.PutStart,8146
2026-07-22 20:49:48.097991513,783,809,10,1,mooncake_master,rpc_service.cpp::PutStart.PutStart,13626
2026-07-22 20:49:48.100376583,783,809,10,1,mooncake_master,rpc_service.cpp::PutStart.PutStart,17565
2026-07-22 20:49:48.102564396,783,809,10,1,mooncake_master,rpc_service.cpp::PutStart.PutStart,8424
2026-07-22 20:49:48.104829911,783,809,10,1,mooncake_master,rpc_service.cpp::PutStart.PutStart,35416
2026-07-22 20:49:48.107315905,783,809,10,1,mooncake_master,rpc_service.cpp::PutStart.PutStart,38823
2026-07-22 20:49:48.109530805,783,809,10,1,mooncake_master,rpc_service.cpp::PutStart.PutStart,22219
2026-07-22 20:49:48.111818756,783,809,10,1,mooncake_master,rpc_service.cpp::PutStart.PutStart,48562
2026-07-22 20:49:48.113964616,783,809,10,1,mooncake_master,rpc_service.cpp::PutStart.PutStart,13072
2026-07-22 20:49:48.116486308,783,809,10,1,mooncake_master,rpc_service.cpp::PutStart.PutStart,12121
2026-07-22 20:49:48.119166209,783,809,10,1,mooncake_master,rpc_service.cpp::PutStart.PutStart,27310
2026-07-22 20:49:48.121660907,783,809,10,1,mooncake_master,rpc_service.cpp::PutStart.PutStart,13154
2026-07-22 20:49:48.124037416,783,809,10,1,mooncake_master,rpc_service.cpp::PutStart.PutStart,9772
2026-07-22 20:49:48.126579798,783,809,10,1,mooncake_master,rpc_service.cpp::PutStart.PutStart,11214
2026-07-22 20:49:48.129013412,783,809,10,1,mooncake_master,rpc_service.cpp::PutStart.PutStart,22922
2026-07-22 20:49:48.131355890,783,809,10,1,mooncake_master,rpc_service.cpp::PutStart.PutStart,13076
2026-07-22 20:49:48.133783861,783,809,10,1,mooncake_master,rpc_service.cpp::PutStart.PutStart,8765
2026-07-22 20:49:48.136228649,783,809,10,1,mooncake_master,rpc_service.cpp::PutStart.PutStart,12940
2026-07-22 20:49:48.138598716,783,809,10,1,mooncake_master,rpc_service.cpp::PutStart.PutStart,7583
2026-07-22 20:49:48.140950385,783,809,10,1,mooncake_master,rpc_service.cpp::PutStart.PutStart,9076
2026-07-22 20:49:48.143191957,783,809,10,1,mooncake_master,rpc_service.cpp::PutStart.PutStart,31737
2026-07-22 20:49:48.145658287,783,809,10,1,mooncake_master,rpc_service.cpp::PutStart.PutStart,16773
2026-07-22 20:49:48.147822470,783,809,10,1,mooncake_master,rpc_service.cpp::PutStart.PutStart,9791
2026-07-22 20:49:48.150470836,783,809,10,1,mooncake_master,rpc_service.cpp::PutStart.PutStart,17056
2026-07-22 20:49:48.152993737,783,809,10,1,mooncake_master,rpc_service.cpp::PutStart.PutStart,32871
2026-07-22 20:49:48.155558216,783,809,10,1,mooncake_master,rpc_service.cpp::PutStart.PutStart,13540
2026-07-22 20:49:48.158171957,783,809,10,1,mooncake_master,rpc_service.cpp::PutStart.PutStart,12894
2026-07-22 20:49:48.160537530,783,809,10,1,mooncake_master,rpc_service.cpp::PutStart.PutStart,9000
2026-07-22 20:49:48.163050149,783,809,10,1,mooncake_master,rpc_service.cpp::PutStart.PutStart,72223
2026-07-22 20:49:48.165639103,783,809,10,1,mooncake_master,rpc_service.cpp::PutStart.PutStart,13190
2026-07-22 20:49:48.168131688,783,809,10,1,mooncake_master,rpc_service.cpp::PutStart.PutStart,12130
2026-07-22 20:49:48.170306871,783,809,10,1,mooncake_master,rpc_service.cpp::PutStart.PutStart,8717
2026-07-22 20:49:48.172834968,783,809,10,1,mooncake_master,rpc_service.cpp::PutStart.PutStart,10061
2026-07-22 20:49:48.175254608,783,809,10,1,mooncake_master,rpc_service.cpp::PutStart.PutStart,32254
2026-07-22 20:49:48.177511844,783,809,10,1,mooncake_master,rpc_service.cpp::PutStart.PutStart,11693
2026-07-22 20:49:48.179994099,783,809,10,1,mooncake_master,rpc_service.cpp::PutStart.PutStart,14163
2026-07-22 20:49:48.182345384,783,809,10,1,mooncake_master,rpc_service.cpp::PutStart.PutStart,19222
2026-07-22 20:49:48.185001613,783,809,10,1,mooncake_master,rpc_service.cpp::PutStart.PutStart,14472
2026-07-22 20:49:48.187332280,783,809,10,1,mooncake_master,rpc_service.cpp::PutStart.PutStart,16576
2026-07-22 20:49:48.189708711,783,809,10,1,mooncake_master,rpc_service.cpp::PutStart.PutStart,34740
2026-07-22 20:49:48.192014671,783,809,10,1,mooncake_master,rpc_service.cpp::PutStart.PutStart,6895
2026-07-22 20:49:48.194205295,783,809,10,1,mooncake_master,rpc_service.cpp::PutStart.PutStart,14580
2026-07-22 20:49:48.196899837,783,809,10,1,mooncake_master,rpc_service.cpp::PutStart.PutStart,22770
2026-07-22 20:49:48.199363357,783,809,10,1,mooncake_master,rpc_service.cpp::PutStart.PutStart,22432
2026-07-22 20:49:48.201946040,783,809,10,1,mooncake_master,rpc_service.cpp::PutStart.PutStart,15203
2026-07-22 20:49:48.204585639,783,809,10,1,mooncake_master,rpc_service.cpp::PutStart.PutStart,14572
2026-07-22 20:49:48.206883849,783,809,10,1,mooncake_master,rpc_service.cpp::PutStart.PutStart,28034
2026-07-22 20:49:48.209249700,783,809,10,1,mooncake_master,rpc_service.cpp::PutStart.PutStart,9476
2026-07-22 20:49:48.211618714,783,809,10,1,mooncake_master,rpc_service.cpp::PutStart.PutStart,16346
2026-07-22 20:49:48.214094207,783,809,10,1,mooncake_master,rpc_service.cpp::PutStart.PutStart,8667
2026-07-22 20:49:48.216290047,783,809,10,1,mooncake_master,rpc_service.cpp::PutStart.PutStart,15325
2026-07-22 20:49:48.218734396,783,809,10,1,mooncake_master,rpc_service.cpp::PutStart.PutStart,19533
2026-07-22 20:49:48.220974346,783,809,10,1,mooncake_master,rpc_service.cpp::PutStart.PutStart,11176
2026-07-22 20:49:48.223175431,783,809,10,1,mooncake_master,rpc_service.cpp::PutStart.PutStart,6448
2026-07-22 20:49:48.225407547,783,809,10,1,mooncake_master,rpc_service.cpp::PutStart.PutStart,17205
2026-07-22 20:49:48.227673866,783,809,10,1,mooncake_master,rpc_service.cpp::PutStart.PutStart,11108
2026-07-22 20:49:48.229998628,783,809,10,1,mooncake_master,rpc_service.cpp::PutStart.PutStart,11616
2026-07-22 20:49:48.232035746,783,809,10,1,mooncake_master,rpc_service.cpp::PutStart.PutStart,8622
2026-07-22 20:49:48.234314752,783,809,10,1,mooncake_master,rpc_service.cpp::PutStart.PutStart,19154
2026-07-22 20:49:48.236578020,783,809,10,1,mooncake_master,rpc_service.cpp::PutStart.PutStart,10782
2026-07-22 20:49:48.238806309,783,809,10,1,mooncake_master,rpc_service.cpp::PutStart.PutStart,7155
2026-07-22 20:49:48.241095361,783,809,10,1,mooncake_master,rpc_service.cpp::PutStart.PutStart,13387
2026-07-22 20:49:48.243533734,783,809,10,1,mooncake_master,rpc_service.cpp::PutStart.PutStart,13256
2026-07-22 20:49:48.245982706,783,809,10,1,mooncake_master,rpc_service.cpp::PutStart.PutStart,8574
2026-07-22 20:49:48.248196683,783,809,10,1,mooncake_master,rpc_service.cpp::PutStart.PutStart,6044
2026-07-22 20:49:48.250475966,783,809,10,1,mooncake_master,rpc_service.cpp::PutStart.PutStart,19638
2026-07-22 20:49:48.252753906,783,809,10,1,mooncake_master,rpc_service.cpp::PutStart.PutStart,12708
2026-07-22 20:49:48.255100211,783,809,10,1,mooncake_master,rpc_service.cpp::PutStart.PutStart,35337
2026-07-22 20:49:48.257525258,783,809,10,1,mooncake_master,rpc_service.cpp::PutStart.PutStart,11733
2026-07-22 20:49:48.259886703,783,809,10,1,mooncake_master,rpc_service.cpp::PutStart.PutStart,41570
2026-07-22 20:49:48.261994281,783,809,10,1,mooncake_master,rpc_service.cpp::PutStart.PutStart,15188
2026-07-22 20:49:48.264121394,783,809,10,1,mooncake_master,rpc_service.cpp::PutStart.PutStart,22892
2026-07-22 20:49:48.266308696,783,809,10,1,mooncake_master,rpc_service.cpp::PutStart.PutStart,9944
2026-07-22 20:49:48.268548640,783,809,10,1,mooncake_master,rpc_service.cpp::PutStart.PutStart,7365
2026-07-22 20:49:48.270747648,783,809,10,1,mooncake_master,rpc_service.cpp::PutStart.PutStart,11292
2026-07-22 20:49:48.272990696,783,809,10,1,mooncake_master,rpc_service.cpp::PutStart.PutStart,8540
2026-07-22 20:49:48.275261907,783,809,10,1,mooncake_master,rpc_service.cpp::PutStart.PutStart,46160
2026-07-22 20:49:48.277396961,783,809,10,1,mooncake_master,rpc_service.cpp::PutStart.PutStart,9975
2026-07-22 20:49:48.279492219,783,809,10,1,mooncake_master,rpc_service.cpp::PutStart.PutStart,15719
2026-07-22 20:49:48.282065820,783,809,10,1,mooncake_master,rpc_service.cpp::PutStart.PutStart,18601
2026-07-22 20:49:48.284477201,783,809,10,1,mooncake_master,rpc_service.cpp::PutStart.PutStart,11518
2026-07-22 20:49:48.049989017,783,809,10,1,mooncake_master,rpc_service.cpp::PutEnd.PutEnd,3818
2026-07-22 20:49:48.052419493,783,809,10,1,mooncake_master,rpc_service.cpp::PutEnd.PutEnd,7839
2026-07-22 20:49:48.054757038,783,809,10,1,mooncake_master,rpc_service.cpp::PutEnd.PutEnd,3636
2026-07-22 20:49:48.057200392,783,809,10,1,mooncake_master,rpc_service.cpp::PutEnd.PutEnd,3967
2026-07-22 20:49:48.059940800,783,809,10,1,mooncake_master,rpc_service.cpp::PutEnd.PutEnd,3788
2026-07-22 20:49:48.062390462,783,809,10,1,mooncake_master,rpc_service.cpp::PutEnd.PutEnd,3937
2026-07-22 20:49:48.064944695,783,809,10,1,mooncake_master,rpc_service.cpp::PutEnd.PutEnd,7578
2026-07-22 20:49:48.067455924,783,809,10,1,mooncake_master,rpc_service.cpp::PutEnd.PutEnd,4498
2026-07-22 20:49:48.070005878,783,809,10,1,mooncake_master,rpc_service.cpp::PutEnd.PutEnd,3058
2026-07-22 20:49:48.072384288,783,809,10,1,mooncake_master,rpc_service.cpp::PutEnd.PutEnd,3508
2026-07-22 20:49:48.074751617,783,809,10,1,mooncake_master,rpc_service.cpp::PutEnd.PutEnd,2979
2026-07-22 20:49:48.077040475,783,809,10,1,mooncake_master,rpc_service.cpp::PutEnd.PutEnd,3200
2026-07-22 20:49:48.079507246,783,809,10,1,mooncake_master,rpc_service.cpp::PutEnd.PutEnd,3338
2026-07-22 20:49:48.081858685,783,809,10,1,mooncake_master,rpc_service.cpp::PutEnd.PutEnd,2996
2026-07-22 20:49:48.084381337,783,809,10,1,mooncake_master,rpc_service.cpp::PutEnd.PutEnd,4925
2026-07-22 20:49:48.086898844,783,809,10,1,mooncake_master,rpc_service.cpp::PutEnd.PutEnd,6222
2026-07-22 20:49:48.089539609,783,809,10,1,mooncake_master,rpc_service.cpp::PutEnd.PutEnd,4268
2026-07-22 20:49:48.091997185,783,809,10,1,mooncake_master,rpc_service.cpp::PutEnd.PutEnd,2727
2026-07-22 20:49:48.094362708,783,809,10,1,mooncake_master,rpc_service.cpp::PutEnd.PutEnd,11324
2026-07-22 20:49:48.096734540,783,809,10,1,mooncake_master,rpc_service.cpp::PutEnd.PutEnd,3216
2026-07-22 20:49:48.099082411,783,809,10,1,mooncake_master,rpc_service.cpp::PutEnd.PutEnd,3470
2026-07-22 20:49:48.101306775,783,809,10,1,mooncake_master,rpc_service.cpp::PutEnd.PutEnd,2878
2026-07-22 20:49:48.103556999,783,809,10,1,mooncake_master,rpc_service.cpp::PutEnd.PutEnd,3178
2026-07-22 20:49:48.105921425,783,809,10,1,mooncake_master,rpc_service.cpp::PutEnd.PutEnd,2527
2026-07-22 20:49:48.108256992,783,809,10,1,mooncake_master,rpc_service.cpp::PutEnd.PutEnd,2101
2026-07-22 20:49:48.110511955,783,809,10,1,mooncake_master,rpc_service.cpp::PutEnd.PutEnd,2369
2026-07-22 20:49:48.112718758,783,809,10,1,mooncake_master,rpc_service.cpp::PutEnd.PutEnd,2443
2026-07-22 20:49:48.115079099,783,809,10,1,mooncake_master,rpc_service.cpp::PutEnd.PutEnd,2676
2026-07-22 20:49:48.117721334,783,809,10,1,mooncake_master,rpc_service.cpp::PutEnd.PutEnd,2628
2026-07-22 20:49:48.120258085,783,809,10,1,mooncake_master,rpc_service.cpp::PutEnd.PutEnd,3808
2026-07-22 20:49:48.122710590,783,809,10,1,mooncake_master,rpc_service.cpp::PutEnd.PutEnd,9525
2026-07-22 20:49:48.125220790,783,809,10,1,mooncake_master,rpc_service.cpp::PutEnd.PutEnd,9411
2026-07-22 20:49:48.127564742,783,809,10,1,mooncake_master,rpc_service.cpp::PutEnd.PutEnd,3242
2026-07-22 20:49:48.130086327,783,809,10,1,mooncake_master,rpc_service.cpp::PutEnd.PutEnd,3963
2026-07-22 20:49:48.132428464,783,809,10,1,mooncake_master,rpc_service.cpp::PutEnd.PutEnd,3220
2026-07-22 20:49:48.134854141,783,809,10,1,mooncake_master,rpc_service.cpp::PutEnd.PutEnd,2653
2026-07-22 20:49:48.137274269,783,809,10,1,mooncake_master,rpc_service.cpp::PutEnd.PutEnd,2878
2026-07-22 20:49:48.139644566,783,809,10,1,mooncake_master,rpc_service.cpp::PutEnd.PutEnd,2639
2026-07-22 20:49:48.141853442,783,809,10,1,mooncake_master,rpc_service.cpp::PutEnd.PutEnd,2354
2026-07-22 20:49:48.144326202,783,809,10,1,mooncake_master,rpc_service.cpp::PutEnd.PutEnd,3312
2026-07-22 20:49:48.146567009,783,809,10,1,mooncake_master,rpc_service.cpp::PutEnd.PutEnd,3137
2026-07-22 20:49:48.148973251,783,809,10,1,mooncake_master,rpc_service.cpp::PutEnd.PutEnd,3821
2026-07-22 20:49:48.151552815,783,809,10,1,mooncake_master,rpc_service.cpp::PutEnd.PutEnd,5348
2026-07-22 20:49:48.154231034,783,809,10,1,mooncake_master,rpc_service.cpp::PutEnd.PutEnd,4303
2026-07-22 20:49:48.156848922,783,809,10,1,mooncake_master,rpc_service.cpp::PutEnd.PutEnd,4110
2026-07-22 20:49:48.159244741,783,809,10,1,mooncake_master,rpc_service.cpp::PutEnd.PutEnd,3065
2026-07-22 20:49:48.161549112,783,809,10,1,mooncake_master,rpc_service.cpp::PutEnd.PutEnd,3248
2026-07-22 20:49:48.164297986,783,809,10,1,mooncake_master,rpc_service.cpp::PutEnd.PutEnd,3251
2026-07-22 20:49:48.166687528,783,809,10,1,mooncake_master,rpc_service.cpp::PutEnd.PutEnd,2726
2026-07-22 20:49:48.168973719,783,809,10,1,mooncake_master,rpc_service.cpp::PutEnd.PutEnd,3310
2026-07-22 20:49:48.171413167,783,809,10,1,mooncake_master,rpc_service.cpp::PutEnd.PutEnd,3759
2026-07-22 20:49:48.173845320,783,809,10,1,mooncake_master,rpc_service.cpp::PutEnd.PutEnd,3039
2026-07-22 20:49:48.176120879,783,809,10,1,mooncake_master,rpc_service.cpp::PutEnd.PutEnd,1929
2026-07-22 20:49:48.178554943,783,809,10,1,mooncake_master,rpc_service.cpp::PutEnd.PutEnd,4346
2026-07-22 20:49:48.180905114,783,809,10,1,mooncake_master,rpc_service.cpp::PutEnd.PutEnd,3349
2026-07-22 20:49:48.183575949,783,809,10,1,mooncake_master,rpc_service.cpp::PutEnd.PutEnd,3010
2026-07-22 20:49:48.185961241,783,809,10,1,mooncake_master,rpc_service.cpp::PutEnd.PutEnd,4218
2026-07-22 20:49:48.188342126,783,809,10,1,mooncake_master,rpc_service.cpp::PutEnd.PutEnd,3178
2026-07-22 20:49:48.190697416,783,809,10,1,mooncake_master,rpc_service.cpp::PutEnd.PutEnd,2315
2026-07-22 20:49:48.192902719,783,809,10,1,mooncake_master,rpc_service.cpp::PutEnd.PutEnd,1296
2026-07-22 20:49:48.195453921,783,809,10,1,mooncake_master,rpc_service.cpp::PutEnd.PutEnd,8879
2026-07-22 20:49:48.197954571,783,809,10,1,mooncake_master,rpc_service.cpp::PutEnd.PutEnd,5166
2026-07-22 20:49:48.200463844,783,809,10,1,mooncake_master,rpc_service.cpp::PutEnd.PutEnd,3646
2026-07-22 20:49:48.203201172,783,809,10,1,mooncake_master,rpc_service.cpp::PutEnd.PutEnd,4087
2026-07-22 20:49:48.205522371,783,809,10,1,mooncake_master,rpc_service.cpp::PutEnd.PutEnd,2185
2026-07-22 20:49:48.207900843,783,809,10,1,mooncake_master,rpc_service.cpp::PutEnd.PutEnd,3814
2026-07-22 20:49:48.210194242,783,809,10,1,mooncake_master,rpc_service.cpp::PutEnd.PutEnd,1903
2026-07-22 20:49:48.212704492,783,809,10,1,mooncake_master,rpc_service.cpp::PutEnd.PutEnd,1714
2026-07-22 20:49:48.214946380,783,809,10,1,mooncake_master,rpc_service.cpp::PutEnd.PutEnd,1944
2026-07-22 20:49:48.217349706,783,809,10,1,mooncake_master,rpc_service.cpp::PutEnd.PutEnd,9086
2026-07-22 20:49:48.219661004,783,809,10,1,mooncake_master,rpc_service.cpp::PutEnd.PutEnd,1776
2026-07-22 20:49:48.221858321,783,809,10,1,mooncake_master,rpc_service.cpp::PutEnd.PutEnd,3923
2026-07-22 20:49:48.224102642,783,809,10,1,mooncake_master,rpc_service.cpp::PutEnd.PutEnd,1355
2026-07-22 20:49:48.226355432,783,809,10,1,mooncake_master,rpc_service.cpp::PutEnd.PutEnd,3101
2026-07-22 20:49:48.228697938,783,809,10,1,mooncake_master,rpc_service.cpp::PutEnd.PutEnd,3311
2026-07-22 20:49:48.230833928,783,809,10,1,mooncake_master,rpc_service.cpp::PutEnd.PutEnd,2684
2026-07-22 20:49:48.232977222,783,809,10,1,mooncake_master,rpc_service.cpp::PutEnd.PutEnd,2715
2026-07-22 20:49:48.235282207,783,809,10,1,mooncake_master,rpc_service.cpp::PutEnd.PutEnd,1758
2026-07-22 20:49:48.237492993,783,809,10,1,mooncake_master,rpc_service.cpp::PutEnd.PutEnd,3300
2026-07-22 20:49:48.239719558,783,809,10,1,mooncake_master,rpc_service.cpp::PutEnd.PutEnd,1694
2026-07-22 20:49:48.242267167,783,809,10,1,mooncake_master,rpc_service.cpp::PutEnd.PutEnd,4182
2026-07-22 20:49:48.244642577,783,809,10,1,mooncake_master,rpc_service.cpp::PutEnd.PutEnd,3794
2026-07-22 20:49:48.246845265,783,809,10,1,mooncake_master,rpc_service.cpp::PutEnd.PutEnd,1816
2026-07-22 20:49:48.249176037,783,809,10,1,mooncake_master,rpc_service.cpp::PutEnd.PutEnd,6456
2026-07-22 20:49:48.251429145,783,809,10,1,mooncake_master,rpc_service.cpp::PutEnd.PutEnd,1427
2026-07-22 20:49:48.253803579,783,809,10,1,mooncake_master,rpc_service.cpp::PutEnd.PutEnd,3169
2026-07-22 20:49:48.256230158,783,809,10,1,mooncake_master,rpc_service.cpp::PutEnd.PutEnd,2811
2026-07-22 20:49:48.258562104,783,809,10,1,mooncake_master,rpc_service.cpp::PutEnd.PutEnd,3527
2026-07-22 20:49:48.260758850,783,809,10,1,mooncake_master,rpc_service.cpp::PutEnd.PutEnd,2151
2026-07-22 20:49:48.262813715,783,809,10,1,mooncake_master,rpc_service.cpp::PutEnd.PutEnd,3320
2026-07-22 20:49:48.264994053,783,809,10,1,mooncake_master,rpc_service.cpp::PutEnd.PutEnd,2868
2026-07-22 20:49:48.267225227,783,809,10,1,mooncake_master,rpc_service.cpp::PutEnd.PutEnd,2718
2026-07-22 20:49:48.269532749,783,809,10,1,mooncake_master,rpc_service.cpp::PutEnd.PutEnd,9761
2026-07-22 20:49:48.271711171,783,809,10,1,mooncake_master,rpc_service.cpp::PutEnd.PutEnd,3050
2026-07-22 20:49:48.273943815,783,809,10,1,mooncake_master,rpc_service.cpp::PutEnd.PutEnd,3238
2026-07-22 20:49:48.276144657,783,809,10,1,mooncake_master,rpc_service.cpp::PutEnd.PutEnd,2550
2026-07-22 20:49:48.278281909,783,809,10,1,mooncake_master,rpc_service.cpp::PutEnd.PutEnd,1998
2026-07-22 20:49:48.280766220,783,809,10,1,mooncake_master,rpc_service.cpp::PutEnd.PutEnd,4256
2026-07-22 20:49:48.283185555,783,809,10,1,mooncake_master,rpc_service.cpp::PutEnd.PutEnd,3653
2026-07-22 20:49:48.285575125,783,809,10,1,mooncake_master,rpc_service.cpp::PutEnd.PutEnd,2429
2026-07-22 20:49:54.565691402,783,806,10,1,mooncake_master,rpc_service.cpp::GetReplicaList.GetReplicaList,13974
2026-07-22 20:49:54.567956996,783,806,10,1,mooncake_master,rpc_service.cpp::GetReplicaList.GetReplicaList,10347
2026-07-22 20:49:54.569403528,783,806,10,1,mooncake_master,rpc_service.cpp::GetReplicaList.GetReplicaList,11939
2026-07-22 20:49:54.570809749,783,806,10,1,mooncake_master,rpc_service.cpp::GetReplicaList.GetReplicaList,2691
2026-07-22 20:49:54.572049706,783,806,10,1,mooncake_master,rpc_service.cpp::GetReplicaList.GetReplicaList,4124
2026-07-22 20:50:12.873215567,783,809,3,1,mooncake_master,rpc_service.cpp::BatchGetReplicaList.BatchGetReplicaList,29174
2026-07-22 20:50:12.889660409,783,809,3,1,mooncake_master,rpc_service.cpp::BatchGetReplicaList.BatchGetReplicaList,35893
2026-07-22 20:50:12.907295027,783,809,3,1,mooncake_master,rpc_service.cpp::BatchGetReplicaList.BatchGetReplicaList,31730
2026-07-22 20:50:12.924247750,783,809,3,1,mooncake_master,rpc_service.cpp::BatchGetReplicaList.BatchGetReplicaList,34764
2026-07-22 20:50:12.942390094,783,809,3,1,mooncake_master,rpc_service.cpp::BatchGetReplicaList.BatchGetReplicaList,33232
2026-07-22 20:50:12.959854958,783,809,3,1,mooncake_master,rpc_service.cpp::BatchGetReplicaList.BatchGetReplicaList,64160
2026-07-22 20:50:12.979752042,783,809,3,1,mooncake_master,rpc_service.cpp::BatchGetReplicaList.BatchGetReplicaList,30390
2026-07-22 20:50:12.998815259,783,809,3,1,mooncake_master,rpc_service.cpp::BatchGetReplicaList.BatchGetReplicaList,32184
2026-07-22 20:50:13.015054938,783,809,3,1,mooncake_master,rpc_service.cpp::BatchGetReplicaList.BatchGetReplicaList,33831
2026-07-22 20:50:13.029821177,783,809,3,1,mooncake_master,rpc_service.cpp::BatchGetReplicaList.BatchGetReplicaList,33871
2026-07-22 20:50:13.047228323,783,809,3,1,mooncake_master,rpc_service.cpp::BatchGetReplicaList.BatchGetReplicaList,30206
2026-07-22 20:50:13.064335103,783,809,3,1,mooncake_master,rpc_service.cpp::BatchGetReplicaList.BatchGetReplicaList,35162
2026-07-22 20:50:13.080965704,783,809,3,1,mooncake_master,rpc_service.cpp::BatchGetReplicaList.BatchGetReplicaList,31897
2026-07-22 20:50:13.097442294,783,809,3,1,mooncake_master,rpc_service.cpp::BatchGetReplicaList.BatchGetReplicaList,33743
2026-07-22 20:50:13.114396099,783,809,3,1,mooncake_master,rpc_service.cpp::BatchGetReplicaList.BatchGetReplicaList,30508
2026-07-22 20:50:13.129689668,783,809,3,1,mooncake_master,rpc_service.cpp::BatchGetReplicaList.BatchGetReplicaList,29873
2026-07-22 20:50:13.143790816,783,809,3,1,mooncake_master,rpc_service.cpp::BatchGetReplicaList.BatchGetReplicaList,32361
2026-07-22 20:50:13.157814037,783,809,3,1,mooncake_master,rpc_service.cpp::BatchGetReplicaList.BatchGetReplicaList,30924
2026-07-22 20:50:13.173894611,783,809,3,1,mooncake_master,rpc_service.cpp::BatchGetReplicaList.BatchGetReplicaList,91284
2026-07-22 20:50:13.188814982,783,809,3,1,mooncake_master,rpc_service.cpp::BatchGetReplicaList.BatchGetReplicaList,34123
2026-07-22 20:50:13.209088492,783,809,3,1,mooncake_master,rpc_service.cpp::BatchGetReplicaList.BatchGetReplicaList,31307
2026-07-22 20:50:13.220654811,783,809,3,1,mooncake_master,rpc_service.cpp::BatchGetReplicaList.BatchGetReplicaList,31286
2026-07-22 20:50:13.237740407,783,809,3,1,mooncake_master,rpc_service.cpp::BatchGetReplicaList.BatchGetReplicaList,31318
2026-07-22 20:50:13.254241422,783,809,3,1,mooncake_master,rpc_service.cpp::BatchGetReplicaList.BatchGetReplicaList,24818
2026-07-22 20:50:13.270861809,783,809,3,1,mooncake_master,rpc_service.cpp::BatchGetReplicaList.BatchGetReplicaList,37353
2026-07-22 20:50:13.287486654,783,809,3,1,mooncake_master,rpc_service.cpp::BatchGetReplicaList.BatchGetReplicaList,31186
2026-07-22 20:50:13.303709060,783,809,3,1,mooncake_master,rpc_service.cpp::BatchGetReplicaList.BatchGetReplicaList,34848
2026-07-22 20:50:13.325530584,783,809,3,1,mooncake_master,rpc_service.cpp::BatchGetReplicaList.BatchGetReplicaList,31672
2026-07-22 20:50:13.344847890,783,809,3,1,mooncake_master,rpc_service.cpp::BatchGetReplicaList.BatchGetReplicaList,33408
2026-07-22 20:50:13.358408084,783,809,3,1,mooncake_master,rpc_service.cpp::BatchGetReplicaList.BatchGetReplicaList,32815
2026-07-22 20:50:13.375429654,783,809,3,1,mooncake_master,rpc_service.cpp::BatchGetReplicaList.BatchGetReplicaList,34640
2026-07-22 20:50:13.392383594,783,809,3,1,mooncake_master,rpc_service.cpp::BatchGetReplicaList.BatchGetReplicaList,33619
2026-07-22 20:50:13.406544289,783,809,3,1,mooncake_master,rpc_service.cpp::BatchGetReplicaList.BatchGetReplicaList,88717
2026-07-22 20:50:13.422964270,783,809,3,1,mooncake_master,rpc_service.cpp::BatchGetReplicaList.BatchGetReplicaList,33470
2026-07-22 20:50:13.440181574,783,809,3,1,mooncake_master,rpc_service.cpp::BatchGetReplicaList.BatchGetReplicaList,31410
2026-07-22 20:50:13.457134974,783,809,3,1,mooncake_master,rpc_service.cpp::BatchGetReplicaList.BatchGetReplicaList,35353
2026-07-22 20:50:13.473779196,783,809,3,1,mooncake_master,rpc_service.cpp::BatchGetReplicaList.BatchGetReplicaList,33905
2026-07-22 20:50:13.490674185,783,809,3,1,mooncake_master,rpc_service.cpp::BatchGetReplicaList.BatchGetReplicaList,30418
2026-07-22 20:50:13.510295093,783,809,3,1,mooncake_master,rpc_service.cpp::BatchGetReplicaList.BatchGetReplicaList,33215
2026-07-22 20:50:13.531655245,783,809,3,1,mooncake_master,rpc_service.cpp::BatchGetReplicaList.BatchGetReplicaList,31528
2026-07-22 20:50:13.549044521,783,809,3,1,mooncake_master,rpc_service.cpp::BatchGetReplicaList.BatchGetReplicaList,34033
2026-07-22 20:50:13.569549114,783,809,3,1,mooncake_master,rpc_service.cpp::BatchGetReplicaList.BatchGetReplicaList,30607
2026-07-22 20:50:13.582642323,783,809,3,1,mooncake_master,rpc_service.cpp::BatchGetReplicaList.BatchGetReplicaList,32060
2026-07-22 20:50:13.599387704,783,809,3,1,mooncake_master,rpc_service.cpp::BatchGetReplicaList.BatchGetReplicaList,35837
2026-07-22 20:50:13.615934740,783,809,3,1,mooncake_master,rpc_service.cpp::BatchGetReplicaList.BatchGetReplicaList,31225
2026-07-22 20:50:13.632582077,783,809,3,1,mooncake_master,rpc_service.cpp::BatchGetReplicaList.BatchGetReplicaList,30259
2026-07-22 20:50:13.649493516,783,809,3,1,mooncake_master,rpc_service.cpp::BatchGetReplicaList.BatchGetReplicaList,43580
2026-07-22 20:50:13.666899503,783,809,3,1,mooncake_master,rpc_service.cpp::BatchGetReplicaList.BatchGetReplicaList,33295
2026-07-22 20:50:13.683621730,783,809,3,1,mooncake_master,rpc_service.cpp::BatchGetReplicaList.BatchGetReplicaList,32734
2026-07-22 20:50:13.701917234,783,809,3,1,mooncake_master,rpc_service.cpp::BatchGetReplicaList.BatchGetReplicaList,31499
2026-07-22 20:50:13.719926105,783,809,3,1,mooncake_master,rpc_service.cpp::BatchGetReplicaList.BatchGetReplicaList,34551
2026-07-22 20:50:13.733400998,783,809,3,1,mooncake_master,rpc_service.cpp::BatchGetReplicaList.BatchGetReplicaList,77558
2026-07-22 20:50:13.751004091,783,809,3,1,mooncake_master,rpc_service.cpp::BatchGetReplicaList.BatchGetReplicaList,33390
2026-07-22 20:50:13.768497366,783,809,3,1,mooncake_master,rpc_service.cpp::BatchGetReplicaList.BatchGetReplicaList,31249
2026-07-22 20:50:13.787025772,783,809,3,1,mooncake_master,rpc_service.cpp::BatchGetReplicaList.BatchGetReplicaList,34279
2026-07-22 20:50:13.805450060,783,809,3,1,mooncake_master,rpc_service.cpp::BatchGetReplicaList.BatchGetReplicaList,32602
2026-07-22 20:50:13.821041887,783,809,3,1,mooncake_master,rpc_service.cpp::BatchGetReplicaList.BatchGetReplicaList,35303
2026-07-22 20:50:13.838384807,783,809,3,1,mooncake_master,rpc_service.cpp::BatchGetReplicaList.BatchGetReplicaList,30541
2026-07-22 20:50:13.855787423,783,809,3,1,mooncake_master,rpc_service.cpp::BatchGetReplicaList.BatchGetReplicaList,35978
2026-07-22 20:50:13.878237984,783,809,3,1,mooncake_master,rpc_service.cpp::BatchGetReplicaList.BatchGetReplicaList,33495
2026-07-22 20:50:13.896978025,783,809,3,1,mooncake_master,rpc_service.cpp::BatchGetReplicaList.BatchGetReplicaList,31449
2026-07-22 20:50:13.918760504,783,809,3,1,mooncake_master,rpc_service.cpp::BatchGetReplicaList.BatchGetReplicaList,34701
2026-07-22 20:50:13.934971946,783,809,3,1,mooncake_master,rpc_service.cpp::BatchGetReplicaList.BatchGetReplicaList,34767
2026-07-22 20:50:13.956628528,783,809,3,1,mooncake_master,rpc_service.cpp::BatchGetReplicaList.BatchGetReplicaList,102536
2026-07-22 20:50:13.971565078,783,809,3,1,mooncake_master,rpc_service.cpp::BatchGetReplicaList.BatchGetReplicaList,105133
2026-07-22 20:50:13.991490400,783,809,3,1,mooncake_master,rpc_service.cpp::BatchGetReplicaList.BatchGetReplicaList,112641
2026-07-22 20:50:14.000782789,783,809,3,1,mooncake_master,rpc_service.cpp::BatchGetReplicaList.BatchGetReplicaList,29321
2026-07-22 20:50:14.017963480,783,809,3,1,mooncake_master,rpc_service.cpp::BatchGetReplicaList.BatchGetReplicaList,24612
2026-07-22 20:50:14.031392388,783,809,3,1,mooncake_master,rpc_service.cpp::BatchGetReplicaList.BatchGetReplicaList,54903
2026-07-22 20:50:14.047058234,783,809,3,1,mooncake_master,rpc_service.cpp::BatchGetReplicaList.BatchGetReplicaList,21099
2026-07-22 20:50:14.071698215,783,809,3,1,mooncake_master,rpc_service.cpp::BatchGetReplicaList.BatchGetReplicaList,32088
2026-07-22 20:50:14.087897146,783,809,3,1,mooncake_master,rpc_service.cpp::BatchGetReplicaList.BatchGetReplicaList,33912
2026-07-22 20:50:14.104553972,783,809,3,1,mooncake_master,rpc_service.cpp::BatchGetReplicaList.BatchGetReplicaList,38045
2026-07-22 20:50:14.120763646,783,809,3,1,mooncake_master,rpc_service.cpp::BatchGetReplicaList.BatchGetReplicaList,31765
2026-07-22 20:50:14.137272088,783,809,3,1,mooncake_master,rpc_service.cpp::BatchGetReplicaList.BatchGetReplicaList,33934
2026-07-22 20:50:14.153669412,783,809,3,1,mooncake_master,rpc_service.cpp::BatchGetReplicaList.BatchGetReplicaList,35393
2026-07-22 20:50:14.171300492,783,809,3,1,mooncake_master,rpc_service.cpp::BatchGetReplicaList.BatchGetReplicaList,33724
2026-07-22 20:50:14.188741435,783,809,3,1,mooncake_master,rpc_service.cpp::BatchGetReplicaList.BatchGetReplicaList,33533
2026-07-22 20:50:14.213838743,783,809,3,1,mooncake_master,rpc_service.cpp::BatchGetReplicaList.BatchGetReplicaList,86097
2026-07-22 20:50:14.229068664,783,809,3,1,mooncake_master,rpc_service.cpp::BatchGetReplicaList.BatchGetReplicaList,32498
2026-07-22 20:50:14.245955091,783,809,3,1,mooncake_master,rpc_service.cpp::BatchGetReplicaList.BatchGetReplicaList,36824
2026-07-22 20:50:14.262709784,783,809,3,1,mooncake_master,rpc_service.cpp::BatchGetReplicaList.BatchGetReplicaList,32295
2026-07-22 20:50:14.279119300,783,809,3,1,mooncake_master,rpc_service.cpp::BatchGetReplicaList.BatchGetReplicaList,30643
2026-07-22 20:50:14.295724096,783,809,3,1,mooncake_master,rpc_service.cpp::BatchGetReplicaList.BatchGetReplicaList,35432
2026-07-22 20:50:14.312838182,783,809,3,1,mooncake_master,rpc_service.cpp::BatchGetReplicaList.BatchGetReplicaList,31865
2026-07-22 20:50:14.329564159,783,809,3,1,mooncake_master,rpc_service.cpp::BatchGetReplicaList.BatchGetReplicaList,32182
2026-07-22 20:50:14.345761794,783,809,3,1,mooncake_master,rpc_service.cpp::BatchGetReplicaList.BatchGetReplicaList,38502
2026-07-22 20:50:14.363723529,783,809,3,1,mooncake_master,rpc_service.cpp::BatchGetReplicaList.BatchGetReplicaList,86709
2026-07-22 20:50:14.382142112,783,809,3,1,mooncake_master,rpc_service.cpp::BatchGetReplicaList.BatchGetReplicaList,38028
2026-07-22 20:50:14.402423853,783,809,3,1,mooncake_master,rpc_service.cpp::BatchGetReplicaList.BatchGetReplicaList,31943
2026-07-22 20:50:14.419074043,783,809,3,1,mooncake_master,rpc_service.cpp::BatchGetReplicaList.BatchGetReplicaList,88796
2026-07-22 20:50:14.439027443,783,809,3,1,mooncake_master,rpc_service.cpp::BatchGetReplicaList.BatchGetReplicaList,35030
2026-07-22 20:50:14.456006278,783,809,3,1,mooncake_master,rpc_service.cpp::BatchGetReplicaList.BatchGetReplicaList,31874
2026-07-22 20:50:14.470667926,783,809,3,1,mooncake_master,rpc_service.cpp::BatchGetReplicaList.BatchGetReplicaList,91420
2026-07-22 20:50:14.490445646,783,809,3,1,mooncake_master,rpc_service.cpp::BatchGetReplicaList.BatchGetReplicaList,32772
2026-07-22 20:50:14.503544146,783,809,3,1,mooncake_master,rpc_service.cpp::BatchGetReplicaList.BatchGetReplicaList,35856
2026-07-22 20:50:14.520847856,783,809,3,1,mooncake_master,rpc_service.cpp::BatchGetReplicaList.BatchGetReplicaList,84880
2026-07-22 20:50:14.538290974,783,809,3,1,mooncake_master,rpc_service.cpp::BatchGetReplicaList.BatchGetReplicaList,33878
2026-07-22 20:50:14.556996996,783,809,3,1,mooncake_master,rpc_service.cpp::BatchGetReplicaList.BatchGetReplicaList,41087
2026-07-22 20:50:14.582808199,783,809,3,1,mooncake_master,rpc_service.cpp::BatchGetReplicaList.BatchGetReplicaList,32646
2026-07-22 20:49:40.725136730,783,807,17,1,mooncake_master,rpc_service.cpp::MountSegment.MountSegment,808952
2026-07-22 20:50:16.738346222,783,808,6,1,mooncake_master,rpc_service.cpp::UnmountSegment.UnmountSegment,407153
2026-07-22 20:49:48.048876260,783,809,10,2,mooncake_master,master_service.cpp::AllocateAndInsertMetadata.AllocateMemory,13587
2026-07-22 20:49:48.051319975,783,809,10,2,mooncake_master,master_service.cpp::AllocateAndInsertMetadata.AllocateMemory,2305
2026-07-22 20:49:48.053727078,783,809,10,2,mooncake_master,master_service.cpp::AllocateAndInsertMetadata.AllocateMemory,1693
2026-07-22 20:49:48.056106422,783,809,10,2,mooncake_master,master_service.cpp::AllocateAndInsertMetadata.AllocateMemory,2447
2026-07-22 20:49:48.058654135,783,809,10,2,mooncake_master,master_service.cpp::AllocateAndInsertMetadata.AllocateMemory,2232
2026-07-22 20:49:48.061258409,783,809,10,2,mooncake_master,master_service.cpp::AllocateAndInsertMetadata.AllocateMemory,1713
2026-07-22 20:49:48.063739149,783,809,10,2,mooncake_master,master_service.cpp::AllocateAndInsertMetadata.AllocateMemory,1645
2026-07-22 20:49:48.066376773,783,809,10,2,mooncake_master,master_service.cpp::AllocateAndInsertMetadata.AllocateMemory,4675
2026-07-22 20:49:48.068767281,783,809,10,2,mooncake_master,master_service.cpp::AllocateAndInsertMetadata.AllocateMemory,1997
2026-07-22 20:49:48.071312838,783,809,10,2,mooncake_master,master_service.cpp::AllocateAndInsertMetadata.AllocateMemory,1722
2026-07-22 20:49:48.073747091,783,809,10,2,mooncake_master,master_service.cpp::AllocateAndInsertMetadata.AllocateMemory,2368
2026-07-22 20:49:48.076120397,783,809,10,2,mooncake_master,master_service.cpp::AllocateAndInsertMetadata.AllocateMemory,1925
2026-07-22 20:49:48.078402775,783,809,10,2,mooncake_master,master_service.cpp::AllocateAndInsertMetadata.AllocateMemory,1672
2026-07-22 20:49:48.080874767,783,809,10,2,mooncake_master,master_service.cpp::AllocateAndInsertMetadata.AllocateMemory,1134
2026-07-22 20:49:48.083165615,783,809,10,2,mooncake_master,master_service.cpp::AllocateAndInsertMetadata.AllocateMemory,2810
2026-07-22 20:49:48.085714160,783,809,10,2,mooncake_master,master_service.cpp::AllocateAndInsertMetadata.AllocateMemory,1888
2026-07-22 20:49:48.088411916,783,809,10,2,mooncake_master,master_service.cpp::AllocateAndInsertMetadata.AllocateMemory,2927
2026-07-22 20:49:48.090884527,783,809,10,2,mooncake_master,master_service.cpp::AllocateAndInsertMetadata.AllocateMemory,11403
2026-07-22 20:49:48.093324156,783,809,10,2,mooncake_master,master_service.cpp::AllocateAndInsertMetadata.AllocateMemory,1479
2026-07-22 20:49:48.095722790,783,809,10,2,mooncake_master,master_service.cpp::AllocateAndInsertMetadata.AllocateMemory,946
2026-07-22 20:49:48.097986877,783,809,10,2,mooncake_master,master_service.cpp::AllocateAndInsertMetadata.AllocateMemory,2254
2026-07-22 20:49:48.100373768,783,809,10,2,mooncake_master,master_service.cpp::AllocateAndInsertMetadata.AllocateMemory,1024
2026-07-22 20:49:48.102561522,783,809,10,2,mooncake_master,master_service.cpp::AllocateAndInsertMetadata.AllocateMemory,771
2026-07-22 20:49:48.104816472,783,809,10,2,mooncake_master,master_service.cpp::AllocateAndInsertMetadata.AllocateMemory,3709
2026-07-22 20:49:48.107300853,783,809,10,2,mooncake_master,master_service.cpp::AllocateAndInsertMetadata.AllocateMemory,4371
2026-07-22 20:49:48.109517314,783,809,10,2,mooncake_master,master_service.cpp::AllocateAndInsertMetadata.AllocateMemory,2840
2026-07-22 20:49:48.111791334,783,809,10,2,mooncake_master,master_service.cpp::AllocateAndInsertMetadata.AllocateMemory,3460
2026-07-22 20:49:48.113960595,783,809,10,2,mooncake_master,master_service.cpp::AllocateAndInsertMetadata.AllocateMemory,2304
2026-07-22 20:49:48.116482630,783,809,10,2,mooncake_master,master_service.cpp::AllocateAndInsertMetadata.AllocateMemory,1710
2026-07-22 20:49:48.119151030,783,809,10,2,mooncake_master,master_service.cpp::AllocateAndInsertMetadata.AllocateMemory,2878
2026-07-22 20:49:48.121656939,783,809,10,2,mooncake_master,master_service.cpp::AllocateAndInsertMetadata.AllocateMemory,1789
2026-07-22 20:49:48.124034086,783,809,10,2,mooncake_master,master_service.cpp::AllocateAndInsertMetadata.AllocateMemory,1080
2026-07-22 20:49:48.126576149,783,809,10,2,mooncake_master,master_service.cpp::AllocateAndInsertMetadata.AllocateMemory,1052
2026-07-22 20:49:48.128998704,783,809,10,2,mooncake_master,master_service.cpp::AllocateAndInsertMetadata.AllocateMemory,1508
2026-07-22 20:49:48.131351861,783,809,10,2,mooncake_master,master_service.cpp::AllocateAndInsertMetadata.AllocateMemory,2218
2026-07-22 20:49:48.133780711,783,809,10,2,mooncake_master,master_service.cpp::AllocateAndInsertMetadata.AllocateMemory,992
2026-07-22 20:49:48.136223967,783,809,10,2,mooncake_master,master_service.cpp::AllocateAndInsertMetadata.AllocateMemory,1852
2026-07-22 20:49:48.138596289,783,809,10,2,mooncake_master,master_service.cpp::AllocateAndInsertMetadata.AllocateMemory,601
2026-07-22 20:49:48.140947616,783,809,10,2,mooncake_master,master_service.cpp::AllocateAndInsertMetadata.AllocateMemory,1094
2026-07-22 20:49:48.143179327,783,809,10,2,mooncake_master,master_service.cpp::AllocateAndInsertMetadata.AllocateMemory,1093
2026-07-22 20:49:48.145652818,783,809,10,2,mooncake_master,master_service.cpp::AllocateAndInsertMetadata.AllocateMemory,3300
2026-07-22 20:49:48.147819255,783,809,10,2,mooncake_master,master_service.cpp::AllocateAndInsertMetadata.AllocateMemory,1197
2026-07-22 20:49:48.150465614,783,809,10,2,mooncake_master,master_service.cpp::AllocateAndInsertMetadata.AllocateMemory,3253
2026-07-22 20:49:48.152974298,783,809,10,2,mooncake_master,master_service.cpp::AllocateAndInsertMetadata.AllocateMemory,2329
2026-07-22 20:49:48.155553997,783,809,10,2,mooncake_master,master_service.cpp::AllocateAndInsertMetadata.AllocateMemory,2087
2026-07-22 20:49:48.158167755,783,809,10,2,mooncake_master,master_service.cpp::AllocateAndInsertMetadata.AllocateMemory,1640
2026-07-22 20:49:48.160534164,783,809,10,2,mooncake_master,master_service.cpp::AllocateAndInsertMetadata.AllocateMemory,1033
2026-07-22 20:49:48.163044991,783,809,10,2,mooncake_master,master_service.cpp::AllocateAndInsertMetadata.AllocateMemory,60276
2026-07-22 20:49:48.165635100,783,809,10,2,mooncake_master,master_service.cpp::AllocateAndInsertMetadata.AllocateMemory,2168
2026-07-22 20:49:48.168128360,783,809,10,2,mooncake_master,master_service.cpp::AllocateAndInsertMetadata.AllocateMemory,1538
2026-07-22 20:49:48.170303781,783,809,10,2,mooncake_master,master_service.cpp::AllocateAndInsertMetadata.AllocateMemory,972
2026-07-22 20:49:48.172831185,783,809,10,2,mooncake_master,master_service.cpp::AllocateAndInsertMetadata.AllocateMemory,979
2026-07-22 20:49:48.175239951,783,809,10,2,mooncake_master,master_service.cpp::AllocateAndInsertMetadata.AllocateMemory,1605
2026-07-22 20:49:48.177507914,783,809,10,2,mooncake_master,master_service.cpp::AllocateAndInsertMetadata.AllocateMemory,1393
2026-07-22 20:49:48.179989391,783,809,10,2,mooncake_master,master_service.cpp::AllocateAndInsertMetadata.AllocateMemory,2146
2026-07-22 20:49:48.182341328,783,809,10,2,mooncake_master,master_service.cpp::AllocateAndInsertMetadata.AllocateMemory,2028
2026-07-22 20:49:48.184997192,783,809,10,2,mooncake_master,master_service.cpp::AllocateAndInsertMetadata.AllocateMemory,2286
2026-07-22 20:49:48.187328988,783,809,10,2,mooncake_master,master_service.cpp::AllocateAndInsertMetadata.AllocateMemory,1700
2026-07-22 20:49:48.189704527,783,809,10,2,mooncake_master,master_service.cpp::AllocateAndInsertMetadata.AllocateMemory,24338
2026-07-22 20:49:48.192011879,783,809,10,2,mooncake_master,master_service.cpp::AllocateAndInsertMetadata.AllocateMemory,655
2026-07-22 20:49:48.194200774,783,809,10,2,mooncake_master,master_service.cpp::AllocateAndInsertMetadata.AllocateMemory,2052
2026-07-22 20:49:48.196886658,783,809,10,2,mooncake_master,master_service.cpp::AllocateAndInsertMetadata.AllocateMemory,2232
2026-07-22 20:49:48.199359556,783,809,10,2,mooncake_master,master_service.cpp::AllocateAndInsertMetadata.AllocateMemory,2282
2026-07-22 20:49:48.201941335,783,809,10,2,mooncake_master,master_service.cpp::AllocateAndInsertMetadata.AllocateMemory,2321
2026-07-22 20:49:48.204581427,783,809,10,2,mooncake_master,master_service.cpp::AllocateAndInsertMetadata.AllocateMemory,2016
2026-07-22 20:49:48.206870769,783,809,10,2,mooncake_master,master_service.cpp::AllocateAndInsertMetadata.AllocateMemory,629
2026-07-22 20:49:48.209246697,783,809,10,2,mooncake_master,master_service.cpp::AllocateAndInsertMetadata.AllocateMemory,1070
2026-07-22 20:49:48.211613347,783,809,10,2,mooncake_master,master_service.cpp::AllocateAndInsertMetadata.AllocateMemory,2683
2026-07-22 20:49:48.214091013,783,809,10,2,mooncake_master,master_service.cpp::AllocateAndInsertMetadata.AllocateMemory,1195
2026-07-22 20:49:48.216280549,783,809,10,2,mooncake_master,master_service.cpp::AllocateAndInsertMetadata.AllocateMemory,1181
2026-07-22 20:49:48.218731836,783,809,10,2,mooncake_master,master_service.cpp::AllocateAndInsertMetadata.AllocateMemory,769
2026-07-22 20:49:48.220970700,783,809,10,2,mooncake_master,master_service.cpp::AllocateAndInsertMetadata.AllocateMemory,1542
2026-07-22 20:49:48.223173073,783,809,10,2,mooncake_master,master_service.cpp::AllocateAndInsertMetadata.AllocateMemory,696
2026-07-22 20:49:48.225396640,783,809,10,2,mooncake_master,master_service.cpp::AllocateAndInsertMetadata.AllocateMemory,1397
2026-07-22 20:49:48.227670423,783,809,10,2,mooncake_master,master_service.cpp::AllocateAndInsertMetadata.AllocateMemory,1393
2026-07-22 20:49:48.229994832,783,809,10,2,mooncake_master,master_service.cpp::AllocateAndInsertMetadata.AllocateMemory,1560
2026-07-22 20:49:48.232032945,783,809,10,2,mooncake_master,master_service.cpp::AllocateAndInsertMetadata.AllocateMemory,1064
2026-07-22 20:49:48.234311115,783,809,10,2,mooncake_master,master_service.cpp::AllocateAndInsertMetadata.AllocateMemory,1686
2026-07-22 20:49:48.236574457,783,809,10,2,mooncake_master,master_service.cpp::AllocateAndInsertMetadata.AllocateMemory,1376
2026-07-22 20:49:48.238803616,783,809,10,2,mooncake_master,master_service.cpp::AllocateAndInsertMetadata.AllocateMemory,691
2026-07-22 20:49:48.241093330,783,809,10,2,mooncake_master,master_service.cpp::AllocateAndInsertMetadata.AllocateMemory,682
2026-07-22 20:49:48.243529421,783,809,10,2,mooncake_master,master_service.cpp::AllocateAndInsertMetadata.AllocateMemory,2274
2026-07-22 20:49:48.245979746,783,809,10,2,mooncake_master,master_service.cpp::AllocateAndInsertMetadata.AllocateMemory,1106
2026-07-22 20:49:48.248194716,783,809,10,2,mooncake_master,master_service.cpp::AllocateAndInsertMetadata.AllocateMemory,596
2026-07-22 20:49:48.250465682,783,809,10,2,mooncake_master,master_service.cpp::AllocateAndInsertMetadata.AllocateMemory,875
2026-07-22 20:49:48.252749846,783,809,10,2,mooncake_master,master_service.cpp::AllocateAndInsertMetadata.AllocateMemory,2538
2026-07-22 20:49:48.255096461,783,809,10,2,mooncake_master,master_service.cpp::AllocateAndInsertMetadata.AllocateMemory,1401
2026-07-22 20:49:48.257521555,783,809,10,2,mooncake_master,master_service.cpp::AllocateAndInsertMetadata.AllocateMemory,1744
2026-07-22 20:49:48.259876775,783,809,10,2,mooncake_master,master_service.cpp::AllocateAndInsertMetadata.AllocateMemory,5349
2026-07-22 20:49:48.261990860,783,809,10,2,mooncake_master,master_service.cpp::AllocateAndInsertMetadata.AllocateMemory,1666
2026-07-22 20:49:48.264117313,783,809,10,2,mooncake_master,master_service.cpp::AllocateAndInsertMetadata.AllocateMemory,12465
2026-07-22 20:49:48.266305320,783,809,10,2,mooncake_master,master_service.cpp::AllocateAndInsertMetadata.AllocateMemory,1620
2026-07-22 20:49:48.268546083,783,809,10,2,mooncake_master,master_service.cpp::AllocateAndInsertMetadata.AllocateMemory,778
2026-07-22 20:49:48.270744070,783,809,10,2,mooncake_master,master_service.cpp::AllocateAndInsertMetadata.AllocateMemory,2209
2026-07-22 20:49:48.272987807,783,809,10,2,mooncake_master,master_service.cpp::AllocateAndInsertMetadata.AllocateMemory,830
2026-07-22 20:49:48.275257885,783,809,10,2,mooncake_master,master_service.cpp::AllocateAndInsertMetadata.AllocateMemory,5257
2026-07-22 20:49:48.277393953,783,809,10,2,mooncake_master,master_service.cpp::AllocateAndInsertMetadata.AllocateMemory,1055
2026-07-22 20:49:48.279487337,783,809,10,2,mooncake_master,master_service.cpp::AllocateAndInsertMetadata.AllocateMemory,2819
2026-07-22 20:49:48.282056790,783,809,10,2,mooncake_master,master_service.cpp::AllocateAndInsertMetadata.AllocateMemory,1893
2026-07-22 20:49:48.284473617,783,809,10,2,mooncake_master,master_service.cpp::AllocateAndInsertMetadata.AllocateMemory,1877
2026-07-22 20:49:37.821803992,783,795,22,3,mooncake_master,master_service.cpp::ClientMonitorFunc.ClientMonitorScan,1596
2026-07-22 20:49:38.821941080,783,795,22,3,mooncake_master,master_service.cpp::ClientMonitorFunc.ClientMonitorScan,633
2026-07-22 20:49:39.822073787,783,795,22,3,mooncake_master,master_service.cpp::ClientMonitorFunc.ClientMonitorScan,745
2026-07-22 20:49:40.822199598,783,795,22,3,mooncake_master,master_service.cpp::ClientMonitorFunc.ClientMonitorScan,4070
2026-07-22 20:49:41.822345370,783,795,22,3,mooncake_master,master_service.cpp::ClientMonitorFunc.ClientMonitorScan,2957
2026-07-22 20:49:42.822427469,783,795,22,3,mooncake_master,master_service.cpp::ClientMonitorFunc.ClientMonitorScan,1371
2026-07-22 20:49:43.822515131,783,795,22,3,mooncake_master,master_service.cpp::ClientMonitorFunc.ClientMonitorScan,1276
2026-07-22 20:49:44.822587985,783,795,22,3,mooncake_master,master_service.cpp::ClientMonitorFunc.ClientMonitorScan,785
2026-07-22 20:49:45.822704974,783,795,22,3,mooncake_master,master_service.cpp::ClientMonitorFunc.ClientMonitorScan,1653
2026-07-22 20:49:46.822784354,783,795,22,3,mooncake_master,master_service.cpp::ClientMonitorFunc.ClientMonitorScan,1013
2026-07-22 20:49:47.822942612,783,795,22,3,mooncake_master,master_service.cpp::ClientMonitorFunc.ClientMonitorScan,830
2026-07-22 20:49:48.823027698,783,795,22,3,mooncake_master,master_service.cpp::ClientMonitorFunc.ClientMonitorScan,1414
2026-07-22 20:49:49.823102427,783,795,22,3,mooncake_master,master_service.cpp::ClientMonitorFunc.ClientMonitorScan,1480
2026-07-22 20:49:50.823192631,783,795,22,3,mooncake_master,master_service.cpp::ClientMonitorFunc.ClientMonitorScan,1282
2026-07-22 20:49:51.823286440,783,795,22,3,mooncake_master,master_service.cpp::ClientMonitorFunc.ClientMonitorScan,1530
2026-07-22 20:49:52.823467067,783,795,22,3,mooncake_master,master_service.cpp::ClientMonitorFunc.ClientMonitorScan,1063
2026-07-22 20:49:53.823542650,783,795,22,3,mooncake_master,master_service.cpp::ClientMonitorFunc.ClientMonitorScan,1269
2026-07-22 20:49:54.823635938,783,795,19,3,mooncake_master,master_service.cpp::ClientMonitorFunc.ClientMonitorScan,1738
2026-07-22 20:49:55.823753875,783,795,19,3,mooncake_master,master_service.cpp::ClientMonitorFunc.ClientMonitorScan,1817
2026-07-22 20:49:56.823865853,783,795,19,3,mooncake_master,master_service.cpp::ClientMonitorFunc.ClientMonitorScan,1616
2026-07-22 20:49:57.823980838,783,795,19,3,mooncake_master,master_service.cpp::ClientMonitorFunc.ClientMonitorScan,2289
2026-07-22 20:49:58.824091246,783,795,19,3,mooncake_master,master_service.cpp::ClientMonitorFunc.ClientMonitorScan,1762
2026-07-22 20:49:59.824199831,783,795,19,3,mooncake_master,master_service.cpp::ClientMonitorFunc.ClientMonitorScan,1624
2026-07-22 20:50:00.824307462,783,795,19,3,mooncake_master,master_service.cpp::ClientMonitorFunc.ClientMonitorScan,1685
2026-07-22 20:50:01.824417182,783,795,20,3,mooncake_master,master_service.cpp::ClientMonitorFunc.ClientMonitorScan,1932
2026-07-22 20:50:02.824515005,783,795,20,3,mooncake_master,master_service.cpp::ClientMonitorFunc.ClientMonitorScan,1450
2026-07-22 20:50:03.824611926,783,795,20,3,mooncake_master,master_service.cpp::ClientMonitorFunc.ClientMonitorScan,1177
2026-07-22 20:50:04.824727107,783,795,20,3,mooncake_master,master_service.cpp::ClientMonitorFunc.ClientMonitorScan,2112
2026-07-22 20:50:05.824838111,783,795,20,3,mooncake_master,master_service.cpp::ClientMonitorFunc.ClientMonitorScan,1936
2026-07-22 20:50:06.824970410,783,795,22,3,mooncake_master,master_service.cpp::ClientMonitorFunc.ClientMonitorScan,1661
2026-07-22 20:50:07.825098440,783,795,22,3,mooncake_master,master_service.cpp::ClientMonitorFunc.ClientMonitorScan,2008
2026-07-22 20:50:08.825213506,783,795,26,3,mooncake_master,master_service.cpp::ClientMonitorFunc.ClientMonitorScan,2118
2026-07-22 20:50:09.825332649,783,795,6,3,mooncake_master,master_service.cpp::ClientMonitorFunc.ClientMonitorScan,1319
2026-07-22 20:50:10.825455479,783,795,6,3,mooncake_master,master_service.cpp::ClientMonitorFunc.ClientMonitorScan,1498
2026-07-22 20:50:11.825581733,783,795,6,3,mooncake_master,master_service.cpp::ClientMonitorFunc.ClientMonitorScan,2122
2026-07-22 20:50:12.825692409,783,795,6,3,mooncake_master,master_service.cpp::ClientMonitorFunc.ClientMonitorScan,1573
2026-07-22 20:50:13.825807426,783,795,6,3,mooncake_master,master_service.cpp::ClientMonitorFunc.ClientMonitorScan,1969
2026-07-22 20:50:14.825944756,783,795,8,3,mooncake_master,master_service.cpp::ClientMonitorFunc.ClientMonitorScan,1928
2026-07-22 20:50:15.826157269,783,795,8,3,mooncake_master,master_service.cpp::ClientMonitorFunc.ClientMonitorScan,1290
2026-07-22 20:50:16.826246527,783,795,8,3,mooncake_master,master_service.cpp::ClientMonitorFunc.ClientMonitorScan,849
2026-07-22 20:49:54.567882460,1000,1000,26,2,mooncake_store,real_client.cpp::get_into.GetIntoInternal,2350421
2026-07-22 20:49:54.569334394,1000,1000,26,2,mooncake_store,real_client.cpp::get_into.GetIntoInternal,1445838
2026-07-22 20:49:54.570770142,1000,1000,26,2,mooncake_store,real_client.cpp::get_into.GetIntoInternal,1433225
2026-07-22 20:49:54.572007598,1000,1000,26,2,mooncake_store,real_client.cpp::get_into.GetIntoInternal,1235281
2026-07-22 20:49:54.573313154,1000,1000,26,2,mooncake_store,real_client.cpp::get_into.GetIntoInternal,1304058
2026-07-22 20:50:13.143591424,1000,1079,11,2,mooncake_store,real_client.cpp::batch_get_into.BatchGetIntoInternal,270558204
2026-07-22 20:50:13.157627324,1000,1074,25,2,mooncake_store,real_client.cpp::batch_get_into.BatchGetIntoInternal,268165806
2026-07-22 20:50:13.173656629,1000,1078,10,2,mooncake_store,real_client.cpp::batch_get_into.BatchGetIntoInternal,266544812
2026-07-22 20:50:13.188619571,1000,1070,26,2,mooncake_store,real_client.cpp::batch_get_into.BatchGetIntoInternal,264550748
2026-07-22 20:50:13.208897463,1000,1076,18,2,mooncake_store,real_client.cpp::batch_get_into.BatchGetIntoInternal,266683965
2026-07-22 20:50:13.220473123,1000,1084,22,2,mooncake_store,real_client.cpp::batch_get_into.BatchGetIntoInternal,260811782
2026-07-22 20:50:13.237566963,1000,1085,27,2,mooncake_store,real_client.cpp::batch_get_into.BatchGetIntoInternal,258010627
2026-07-22 20:50:13.254054279,1000,1075,1,2,mooncake_store,real_client.cpp::batch_get_into.BatchGetIntoInternal,255431678
2026-07-22 20:50:13.270624777,1000,1071,9,2,mooncake_store,real_client.cpp::batch_get_into.BatchGetIntoInternal,255770150
2026-07-22 20:50:13.287279603,1000,1080,23,2,mooncake_store,real_client.cpp::batch_get_into.BatchGetIntoInternal,257656111
2026-07-22 20:50:13.303498357,1000,1077,21,2,mooncake_store,real_client.cpp::batch_get_into.BatchGetIntoInternal,256449009
2026-07-22 20:50:13.325339450,1000,1073,2,2,mooncake_store,real_client.cpp::batch_get_into.BatchGetIntoInternal,261198929
2026-07-22 20:50:13.344645425,1000,1083,16,2,mooncake_store,real_client.cpp::batch_get_into.BatchGetIntoInternal,263859215
2026-07-22 20:50:13.358243480,1000,1072,14,2,mooncake_store,real_client.cpp::batch_get_into.BatchGetIntoInternal,260971138
2026-07-22 20:50:13.375153924,1000,1081,4,2,mooncake_store,real_client.cpp::batch_get_into.BatchGetIntoInternal,260923898
2026-07-22 20:50:13.392194544,1000,1082,13,2,mooncake_store,real_client.cpp::batch_get_into.BatchGetIntoInternal,262671820
2026-07-22 20:50:13.406309669,1000,1079,11,2,mooncake_store,real_client.cpp::batch_get_into.BatchGetIntoInternal,262708790
2026-07-22 20:50:13.422762108,1000,1074,25,2,mooncake_store,real_client.cpp::batch_get_into.BatchGetIntoInternal,265125676
2026-07-22 20:50:13.439991346,1000,1078,10,2,mooncake_store,real_client.cpp::batch_get_into.BatchGetIntoInternal,266327928
2026-07-22 20:50:13.456927506,1000,1070,26,2,mooncake_store,real_client.cpp::batch_get_into.BatchGetIntoInternal,268298813
2026-07-22 20:50:13.473596539,1000,1076,18,2,mooncake_store,real_client.cpp::batch_get_into.BatchGetIntoInternal,264689299
2026-07-22 20:50:13.490464205,1000,1084,22,2,mooncake_store,real_client.cpp::batch_get_into.BatchGetIntoInternal,269982765
2026-07-22 20:50:13.510132921,1000,1085,27,2,mooncake_store,real_client.cpp::batch_get_into.BatchGetIntoInternal,272558021
2026-07-22 20:50:13.531452751,1000,1075,1,2,mooncake_store,real_client.cpp::batch_get_into.BatchGetIntoInternal,277390766
2026-07-22 20:50:13.548846251,1000,1071,9,2,mooncake_store,real_client.cpp::batch_get_into.BatchGetIntoInternal,278208034
2026-07-22 20:50:13.569358798,1000,1080,23,2,mooncake_store,real_client.cpp::batch_get_into.BatchGetIntoInternal,282069523
2026-07-22 20:50:13.582447993,1000,1077,21,2,mooncake_store,real_client.cpp::batch_get_into.BatchGetIntoInternal,278941099
2026-07-22 20:50:13.599172954,1000,1073,2,2,mooncake_store,real_client.cpp::batch_get_into.BatchGetIntoInternal,273824516
2026-07-22 20:50:13.615743621,1000,1083,16,2,mooncake_store,real_client.cpp::batch_get_into.BatchGetIntoInternal,271088210
2026-07-22 20:50:13.632396550,1000,1072,14,2,mooncake_store,real_client.cpp::batch_get_into.BatchGetIntoInternal,274143676
2026-07-22 20:50:13.649258290,1000,1081,4,2,mooncake_store,real_client.cpp::batch_get_into.BatchGetIntoInternal,274096402
2026-07-22 20:50:13.666704143,1000,1082,13,2,mooncake_store,real_client.cpp::batch_get_into.BatchGetIntoInternal,274500879
2026-07-22 20:50:13.683409665,1000,1079,11,2,mooncake_store,real_client.cpp::batch_get_into.BatchGetIntoInternal,277093385
2026-07-22 20:50:13.701727112,1000,1074,25,2,mooncake_store,real_client.cpp::batch_get_into.BatchGetIntoInternal,278953379
2026-07-22 20:50:13.719719289,1000,1078,10,2,mooncake_store,real_client.cpp::batch_get_into.BatchGetIntoInternal,279717332
2026-07-22 20:50:13.733161351,1000,1070,26,2,mooncake_store,real_client.cpp::batch_get_into.BatchGetIntoInternal,276225008
2026-07-22 20:50:13.750784090,1000,1076,18,2,mooncake_store,real_client.cpp::batch_get_into.BatchGetIntoInternal,277179242
2026-07-22 20:50:13.768279639,1000,1084,22,2,mooncake_store,real_client.cpp::batch_get_into.BatchGetIntoInternal,277802662
2026-07-22 20:50:13.786842337,1000,1085,27,2,mooncake_store,real_client.cpp::batch_get_into.BatchGetIntoInternal,276701354
2026-07-22 20:50:13.805262162,1000,1075,1,2,mooncake_store,real_client.cpp::batch_get_into.BatchGetIntoInternal,273799056
2026-07-22 20:50:13.820793607,1000,1071,9,2,mooncake_store,real_client.cpp::batch_get_into.BatchGetIntoInternal,271937630
2026-07-22 20:50:13.838182696,1000,1080,23,2,mooncake_store,real_client.cpp::batch_get_into.BatchGetIntoInternal,268815132
2026-07-22 20:50:13.855575531,1000,1077,21,2,mooncake_store,real_client.cpp::batch_get_into.BatchGetIntoInternal,273117974
2026-07-22 20:50:13.878047084,1000,1073,2,2,mooncake_store,real_client.cpp::batch_get_into.BatchGetIntoInternal,278860318
2026-07-22 20:50:13.896794069,1000,1083,16,2,mooncake_store,real_client.cpp::batch_get_into.BatchGetIntoInternal,281038778
2026-07-22 20:50:13.918564202,1000,1072,14,2,mooncake_store,real_client.cpp::batch_get_into.BatchGetIntoInternal,286155110
2026-07-22 20:50:13.934777079,1000,1081,4,2,mooncake_store,real_client.cpp::batch_get_into.BatchGetIntoInternal,285508537
2026-07-22 20:50:13.956314085,1000,1082,13,2,mooncake_store,real_client.cpp::batch_get_into.BatchGetIntoInternal,289601216
2026-07-22 20:50:13.971276115,1000,1079,11,2,mooncake_store,real_client.cpp::batch_get_into.BatchGetIntoInternal,287857171
2026-07-22 20:50:13.991197662,1000,1074,25,2,mooncake_store,real_client.cpp::batch_get_into.BatchGetIntoInternal,289459857
2026-07-22 20:50:14.000599967,1000,1078,10,2,mooncake_store,real_client.cpp::batch_get_into.BatchGetIntoInternal,280870771
2026-07-22 20:50:14.017814360,1000,1070,26,2,mooncake_store,real_client.cpp::batch_get_into.BatchGetIntoInternal,284641967
2026-07-22 20:50:14.031197522,1000,1076,18,2,mooncake_store,real_client.cpp::batch_get_into.BatchGetIntoInternal,280401655
2026-07-22 20:50:14.046913975,1000,1084,22,2,mooncake_store,real_client.cpp::batch_get_into.BatchGetIntoInternal,278622329
2026-07-22 20:50:14.071516653,1000,1085,27,2,mooncake_store,real_client.cpp::batch_get_into.BatchGetIntoInternal,284665684
2026-07-22 20:50:14.087685384,1000,1075,1,2,mooncake_store,real_client.cpp::batch_get_into.BatchGetIntoInternal,282414171
2026-07-22 20:50:14.104333664,1000,1071,9,2,mooncake_store,real_client.cpp::batch_get_into.BatchGetIntoInternal,283529380
2026-07-22 20:50:14.120582658,1000,1080,23,2,mooncake_store,real_client.cpp::batch_get_into.BatchGetIntoInternal,282390233
2026-07-22 20:50:14.137081122,1000,1077,21,2,mooncake_store,real_client.cpp::batch_get_into.BatchGetIntoInternal,281495690
2026-07-22 20:50:14.153452772,1000,1073,2,2,mooncake_store,real_client.cpp::batch_get_into.BatchGetIntoInternal,275396455
2026-07-22 20:50:14.171094970,1000,1083,16,2,mooncake_store,real_client.cpp::batch_get_into.BatchGetIntoInternal,274292680
2026-07-22 20:50:14.188555190,1000,1072,14,2,mooncake_store,real_client.cpp::batch_get_into.BatchGetIntoInternal,269980962
2026-07-22 20:50:14.213583178,1000,1081,4,2,mooncake_store,real_client.cpp::batch_get_into.BatchGetIntoInternal,278797899
2026-07-22 20:50:14.228864474,1000,1082,13,2,mooncake_store,real_client.cpp::batch_get_into.BatchGetIntoInternal,272536394
2026-07-22 20:50:14.245734361,1000,1079,11,2,mooncake_store,real_client.cpp::batch_get_into.BatchGetIntoInternal,274447886
2026-07-22 20:50:14.262490136,1000,1074,25,2,mooncake_store,real_client.cpp::batch_get_into.BatchGetIntoInternal,271281686
2026-07-22 20:50:14.278942256,1000,1078,10,2,mooncake_store,real_client.cpp::batch_get_into.BatchGetIntoInternal,278332567
2026-07-22 20:50:14.295538615,1000,1070,26,2,mooncake_store,real_client.cpp::batch_get_into.BatchGetIntoInternal,277716682
2026-07-22 20:50:14.312641589,1000,1076,18,2,mooncake_store,real_client.cpp::batch_get_into.BatchGetIntoInternal,281432182
2026-07-22 20:50:14.329368680,1000,1084,22,2,mooncake_store,real_client.cpp::batch_get_into.BatchGetIntoInternal,282446423
2026-07-22 20:50:14.345563886,1000,1085,27,2,mooncake_store,real_client.cpp::batch_get_into.BatchGetIntoInternal,274037646
2026-07-22 20:50:14.363452561,1000,1075,1,2,mooncake_store,real_client.cpp::batch_get_into.BatchGetIntoInternal,275757824
2026-07-22 20:50:14.381924349,1000,1071,9,2,mooncake_store,real_client.cpp::batch_get_into.BatchGetIntoInternal,277578754
2026-07-22 20:50:14.402213335,1000,1080,23,2,mooncake_store,real_client.cpp::batch_get_into.BatchGetIntoInternal,281622919
2026-07-22 20:50:14.418802314,1000,1077,21,2,mooncake_store,real_client.cpp::batch_get_into.BatchGetIntoInternal,281711296
2026-07-22 20:50:14.438831887,1000,1073,2,2,mooncake_store,real_client.cpp::batch_get_into.BatchGetIntoInternal,285369329
2026-07-22 20:50:14.455825793,1000,1083,16,2,mooncake_store,real_client.cpp::batch_get_into.BatchGetIntoInternal,284718382
2026-07-22 20:50:14.470341269,1000,1072,14,2,mooncake_store,real_client.cpp::batch_get_into.BatchGetIntoInternal,281773319
2026-07-22 20:50:14.490244868,1000,1081,4,2,mooncake_store,real_client.cpp::batch_get_into.BatchGetIntoInternal,276649317
2026-07-22 20:50:14.503336528,1000,1082,13,2,mooncake_store,real_client.cpp::batch_get_into.BatchGetIntoInternal,274461426
2026-07-22 20:50:14.520609195,1000,1079,11,2,mooncake_store,real_client.cpp::batch_get_into.BatchGetIntoInternal,274861380
2026-07-22 20:50:14.538097277,1000,1074,25,2,mooncake_store,real_client.cpp::batch_get_into.BatchGetIntoInternal,275597504
2026-07-22 20:50:14.556772737,1000,1078,10,2,mooncake_store,real_client.cpp::batch_get_into.BatchGetIntoInternal,277821527
2026-07-22 20:50:14.582603486,1000,1070,26,2,mooncake_store,real_client.cpp::batch_get_into.BatchGetIntoInternal,287056380
2026-07-22 20:50:14.597644336,1000,1076,18,2,mooncake_store,real_client.cpp::batch_get_into.BatchGetIntoInternal,284992888
2026-07-22 20:50:14.617532139,1000,1084,22,2,mooncake_store,real_client.cpp::batch_get_into.BatchGetIntoInternal,288153526
2026-07-22 20:50:14.639429184,1000,1085,27,2,mooncake_store,real_client.cpp::batch_get_into.BatchGetIntoInternal,293855804
2026-07-22 20:50:14.659914757,1000,1075,1,2,mooncake_store,real_client.cpp::batch_get_into.BatchGetIntoInternal,296449597
2026-07-22 20:50:14.681354942,1000,1071,9,2,mooncake_store,real_client.cpp::batch_get_into.BatchGetIntoInternal,299417348
2026-07-22 20:50:14.709706076,1000,1080,23,2,mooncake_store,real_client.cpp::batch_get_into.BatchGetIntoInternal,307482866
2026-07-22 20:50:14.730092152,1000,1077,21,2,mooncake_store,real_client.cpp::batch_get_into.BatchGetIntoInternal,311278771
2026-07-22 20:50:14.751013563,1000,1073,2,2,mooncake_store,real_client.cpp::batch_get_into.BatchGetIntoInternal,312171661
2026-07-22 20:50:14.769114680,1000,1083,16,2,mooncake_store,real_client.cpp::batch_get_into.BatchGetIntoInternal,313278284
2026-07-22 20:50:14.785732358,1000,1072,14,2,mooncake_store,real_client.cpp::batch_get_into.BatchGetIntoInternal,315380671
2026-07-22 20:50:14.806539313,1000,1081,4,2,mooncake_store,real_client.cpp::batch_get_into.BatchGetIntoInternal,316282613
2026-07-22 20:50:14.822329394,1000,1082,13,2,mooncake_store,real_client.cpp::batch_get_into.BatchGetIntoInternal,318983224
2026-07-22 20:50:14.840167496,1000,1079,11,2,mooncake_store,real_client.cpp::batch_get_into.BatchGetIntoInternal,319548925
2026-07-22 20:50:14.852023378,1000,1074,25,2,mooncake_store,real_client.cpp::batch_get_into.BatchGetIntoInternal,313917136
2026-07-22 20:50:14.859701531,1000,1078,0,2,mooncake_store,real_client.cpp::batch_get_into.BatchGetIntoInternal,302916233
2026-07-22 20:50:14.862036472,1000,1070,26,2,mooncake_store,real_client.cpp::batch_get_into.BatchGetIntoInternal,279421234
2026-07-22 20:49:54.566146676,1000,1000,26,3,mooncake_store,real_client.cpp::get_into_internal.Query,606379
2026-07-22 20:49:54.568047849,1000,1000,26,3,mooncake_store,real_client.cpp::get_into_internal.Query,159005
2026-07-22 20:49:54.569471634,1000,1000,26,3,mooncake_store,real_client.cpp::get_into_internal.Query,134483
2026-07-22 20:49:54.570845799,1000,1000,26,3,mooncake_store,real_client.cpp::get_into_internal.Query,73207
2026-07-22 20:49:54.572098310,1000,1000,26,3,mooncake_store,real_client.cpp::get_into_internal.Query,89041
2026-07-22 20:49:54.566154477,1000,1000,26,3,mooncake_store,real_client.cpp::get_into_internal.SelectReplica,912
2026-07-22 20:49:54.568049149,1000,1000,26,3,mooncake_store,real_client.cpp::get_into_internal.SelectReplica,417
2026-07-22 20:49:54.569472894,1000,1000,26,3,mooncake_store,real_client.cpp::get_into_internal.SelectReplica,383
2026-07-22 20:49:54.570847179,1000,1000,26,3,mooncake_store,real_client.cpp::get_into_internal.SelectReplica,414
2026-07-22 20:49:54.572099317,1000,1000,26,3,mooncake_store,real_client.cpp::get_into_internal.SelectReplica,326
2026-07-22 20:49:54.567848807,1000,1000,26,3,mooncake_store,real_client.cpp::get_into_internal.MemRead,1690217
2026-07-22 20:49:54.569334123,1000,1000,26,3,mooncake_store,real_client.cpp::get_into_internal.MemRead,1282852
2026-07-22 20:49:54.570769829,1000,1000,26,3,mooncake_store,real_client.cpp::get_into_internal.MemRead,1294883
2026-07-22 20:49:54.572007311,1000,1000,26,3,mooncake_store,real_client.cpp::get_into_internal.MemRead,1158095
2026-07-22 20:49:54.573312884,1000,1000,26,3,mooncake_store,real_client.cpp::get_into_internal.MemRead,1212034
2026-07-22 20:50:12.873406401,1000,1079,11,3,mooncake_store,real_client.cpp::batch_get_into_internal.BatchQuery,372575
2026-07-22 20:50:12.889817185,1000,1074,25,3,mooncake_store,real_client.cpp::batch_get_into_internal.BatchQuery,355191
2026-07-22 20:50:12.907481738,1000,1078,10,3,mooncake_store,real_client.cpp::batch_get_into_internal.BatchQuery,369433
2026-07-22 20:50:12.924398123,1000,1070,26,3,mooncake_store,real_client.cpp::batch_get_into_internal.BatchQuery,328906
2026-07-22 20:50:12.942574018,1000,1076,18,3,mooncake_store,real_client.cpp::batch_get_into_internal.BatchQuery,359901
2026-07-22 20:50:12.960044940,1000,1084,22,3,mooncake_store,real_client.cpp::batch_get_into_internal.BatchQuery,383290
2026-07-22 20:50:12.979941380,1000,1085,27,3,mooncake_store,real_client.cpp::batch_get_into_internal.BatchQuery,384316
2026-07-22 20:50:12.998979945,1000,1075,1,3,mooncake_store,real_client.cpp::batch_get_into_internal.BatchQuery,356611
2026-07-22 20:50:13.015231900,1000,1071,9,3,mooncake_store,real_client.cpp::batch_get_into_internal.BatchQuery,376734
2026-07-22 20:50:13.029997316,1000,1080,23,3,mooncake_store,real_client.cpp::batch_get_into_internal.BatchQuery,373188
2026-07-22 20:50:13.047411797,1000,1077,21,3,mooncake_store,real_client.cpp::batch_get_into_internal.BatchQuery,361913
2026-07-22 20:50:13.064515492,1000,1073,2,3,mooncake_store,real_client.cpp::batch_get_into_internal.BatchQuery,374424
2026-07-22 20:50:13.081141977,1000,1083,16,3,mooncake_store,real_client.cpp::batch_get_into_internal.BatchQuery,355125
2026-07-22 20:50:13.097583897,1000,1072,14,3,mooncake_store,real_client.cpp::batch_get_into_internal.BatchQuery,311106
2026-07-22 20:50:13.114594955,1000,1081,4,3,mooncake_store,real_client.cpp::batch_get_into_internal.BatchQuery,364417
2026-07-22 20:50:13.129840882,1000,1082,13,3,mooncake_store,real_client.cpp::batch_get_into_internal.BatchQuery,317570
2026-07-22 20:50:13.143986457,1000,1079,11,3,mooncake_store,real_client.cpp::batch_get_into_internal.BatchQuery,385025
2026-07-22 20:50:13.157996578,1000,1074,25,3,mooncake_store,real_client.cpp::batch_get_into_internal.BatchQuery,359432
2026-07-22 20:50:13.174069046,1000,1078,10,3,mooncake_store,real_client.cpp::batch_get_into_internal.BatchQuery,405126
2026-07-22 20:50:13.188995967,1000,1070,26,3,mooncake_store,real_client.cpp::batch_get_into_internal.BatchQuery,366621
2026-07-22 20:50:13.209271041,1000,1076,18,3,mooncake_store,real_client.cpp::batch_get_into_internal.BatchQuery,363200
2026-07-22 20:50:13.220834337,1000,1084,22,3,mooncake_store,real_client.cpp::batch_get_into_internal.BatchQuery,352327
2026-07-22 20:50:13.237918315,1000,1085,27,3,mooncake_store,real_client.cpp::batch_get_into_internal.BatchQuery,342932
2026-07-22 20:50:13.254419720,1000,1075,1,3,mooncake_store,real_client.cpp::batch_get_into_internal.BatchQuery,357171
2026-07-22 20:50:13.271039278,1000,1071,9,3,mooncake_store,real_client.cpp::batch_get_into_internal.BatchQuery,400473
2026-07-22 20:50:13.287665817,1000,1080,23,3,mooncake_store,real_client.cpp::batch_get_into_internal.BatchQuery,375957
2026-07-22 20:50:13.303915342,1000,1077,21,3,mooncake_store,real_client.cpp::batch_get_into_internal.BatchQuery,408043
2026-07-22 20:50:13.325708942,1000,1073,2,3,mooncake_store,real_client.cpp::batch_get_into_internal.BatchQuery,360045
2026-07-22 20:50:13.345025687,1000,1083,16,3,mooncake_store,real_client.cpp::batch_get_into_internal.BatchQuery,369828
2026-07-22 20:50:13.358572637,1000,1072,14,3,mooncake_store,real_client.cpp::batch_get_into_internal.BatchQuery,319292
2026-07-22 20:50:13.375608984,1000,1081,4,3,mooncake_store,real_client.cpp::batch_get_into_internal.BatchQuery,446592
2026-07-22 20:50:13.392550230,1000,1082,13,3,mooncake_store,real_client.cpp::batch_get_into_internal.BatchQuery,346364
2026-07-22 20:50:13.406718471,1000,1079,11,3,mooncake_store,real_client.cpp::batch_get_into_internal.BatchQuery,401835
2026-07-22 20:50:13.423148677,1000,1074,25,3,mooncake_store,real_client.cpp::batch_get_into_internal.BatchQuery,374090
2026-07-22 20:50:13.440358267,1000,1078,10,3,mooncake_store,real_client.cpp::batch_get_into_internal.BatchQuery,355675
2026-07-22 20:50:13.457328802,1000,1070,26,3,mooncake_store,real_client.cpp::batch_get_into_internal.BatchQuery,391715
2026-07-22 20:50:13.473972412,1000,1076,18,3,mooncake_store,real_client.cpp::batch_get_into_internal.BatchQuery,367074
2026-07-22 20:50:13.490855849,1000,1084,22,3,mooncake_store,real_client.cpp::batch_get_into_internal.BatchQuery,378215
2026-07-22 20:50:13.510466584,1000,1085,27,3,mooncake_store,real_client.cpp::batch_get_into_internal.BatchQuery,325145
2026-07-22 20:50:13.531818872,1000,1075,1,3,mooncake_store,real_client.cpp::batch_get_into_internal.BatchQuery,355250
2026-07-22 20:50:13.549245701,1000,1071,9,3,mooncake_store,real_client.cpp::batch_get_into_internal.BatchQuery,388890
2026-07-22 20:50:13.569739538,1000,1080,23,3,mooncake_store,real_client.cpp::batch_get_into_internal.BatchQuery,371455
2026-07-22 20:50:13.582833158,1000,1077,21,3,mooncake_store,real_client.cpp::batch_get_into_internal.BatchQuery,374867
2026-07-22 20:50:13.599583760,1000,1073,2,3,mooncake_store,real_client.cpp::batch_get_into_internal.BatchQuery,396332
2026-07-22 20:50:13.616094017,1000,1083,16,3,mooncake_store,real_client.cpp::batch_get_into_internal.BatchQuery,338079
2026-07-22 20:50:13.632718434,1000,1072,14,3,mooncake_store,real_client.cpp::batch_get_into_internal.BatchQuery,308564
2026-07-22 20:50:13.649702031,1000,1081,4,3,mooncake_store,real_client.cpp::batch_get_into_internal.BatchQuery,432893
2026-07-22 20:50:13.667063411,1000,1082,13,3,mooncake_store,real_client.cpp::batch_get_into_internal.BatchQuery,349947
2026-07-22 20:50:13.683793679,1000,1079,11,3,mooncake_store,real_client.cpp::batch_get_into_internal.BatchQuery,374295
2026-07-22 20:50:13.702129347,1000,1074,25,3,mooncake_store,real_client.cpp::batch_get_into_internal.BatchQuery,390955
2026-07-22 20:50:13.720090323,1000,1078,10,3,mooncake_store,real_client.cpp::batch_get_into_internal.BatchQuery,360626
2026-07-22 20:50:13.733568794,1000,1070,26,3,mooncake_store,real_client.cpp::batch_get_into_internal.BatchQuery,395793
2026-07-22 20:50:13.751192579,1000,1076,18,3,mooncake_store,real_client.cpp::batch_get_into_internal.BatchQuery,396155
2026-07-22 20:50:13.768685616,1000,1084,22,3,mooncake_store,real_client.cpp::batch_get_into_internal.BatchQuery,393104
2026-07-22 20:50:13.787215542,1000,1085,27,3,mooncake_store,real_client.cpp::batch_get_into_internal.BatchQuery,364109
2026-07-22 20:50:13.805632030,1000,1075,1,3,mooncake_store,real_client.cpp::batch_get_into_internal.BatchQuery,360184
2026-07-22 20:50:13.821223278,1000,1071,9,3,mooncake_store,real_client.cpp::batch_get_into_internal.BatchQuery,418416
2026-07-22 20:50:13.838589978,1000,1080,23,3,mooncake_store,real_client.cpp::batch_get_into_internal.BatchQuery,396944
2026-07-22 20:50:13.855998319,1000,1077,21,3,mooncake_store,real_client.cpp::batch_get_into_internal.BatchQuery,412505
2026-07-22 20:50:13.878423895,1000,1073,2,3,mooncake_store,real_client.cpp::batch_get_into_internal.BatchQuery,366800
2026-07-22 20:50:13.897159147,1000,1083,16,3,mooncake_store,real_client.cpp::batch_get_into_internal.BatchQuery,356284
2026-07-22 20:50:13.918958133,1000,1072,14,3,mooncake_store,real_client.cpp::batch_get_into_internal.BatchQuery,383112
2026-07-22 20:50:13.935185345,1000,1081,4,3,mooncake_store,real_client.cpp::batch_get_into_internal.BatchQuery,399572
2026-07-22 20:50:13.956828999,1000,1082,13,3,mooncake_store,real_client.cpp::batch_get_into_internal.BatchQuery,500255
2026-07-22 20:50:13.971740622,1000,1079,11,3,mooncake_store,real_client.cpp::batch_get_into_internal.BatchQuery,453600
2026-07-22 20:50:13.991693777,1000,1074,25,3,mooncake_store,real_client.cpp::batch_get_into_internal.BatchQuery,484798
2026-07-22 20:50:14.000917683,1000,1078,10,3,mooncake_store,real_client.cpp::batch_get_into_internal.BatchQuery,307394
2026-07-22 20:50:14.018120694,1000,1070,26,3,mooncake_store,real_client.cpp::batch_get_into_internal.BatchQuery,298203
2026-07-22 20:50:14.031557174,1000,1076,18,3,mooncake_store,real_client.cpp::batch_get_into_internal.BatchQuery,347014
2026-07-22 20:50:14.047228478,1000,1084,22,3,mooncake_store,real_client.cpp::batch_get_into_internal.BatchQuery,305661
2026-07-22 20:50:14.071864486,1000,1085,27,3,mooncake_store,real_client.cpp::batch_get_into_internal.BatchQuery,337829
2026-07-22 20:50:14.088097994,1000,1075,1,3,mooncake_store,real_client.cpp::batch_get_into_internal.BatchQuery,402655
2026-07-22 20:50:14.104752027,1000,1071,9,3,mooncake_store,real_client.cpp::batch_get_into_internal.BatchQuery,405818
2026-07-22 20:50:14.120909465,1000,1080,23,3,mooncake_store,real_client.cpp::batch_get_into_internal.BatchQuery,318587
2026-07-22 20:50:14.137453828,1000,1077,21,3,mooncake_store,real_client.cpp::batch_get_into_internal.BatchQuery,362126
2026-07-22 20:50:14.153829212,1000,1073,2,3,mooncake_store,real_client.cpp::batch_get_into_internal.BatchQuery,366018
2026-07-22 20:50:14.171476388,1000,1083,16,3,mooncake_store,real_client.cpp::batch_get_into_internal.BatchQuery,368303
2026-07-22 20:50:14.188909977,1000,1072,14,3,mooncake_store,real_client.cpp::batch_get_into_internal.BatchQuery,341464
2026-07-22 20:50:14.214013528,1000,1081,4,3,mooncake_store,real_client.cpp::batch_get_into_internal.BatchQuery,417428
2026-07-22 20:50:14.229257939,1000,1082,13,3,mooncake_store,real_client.cpp::batch_get_into_internal.BatchQuery,382293
2026-07-22 20:50:14.246147941,1000,1079,11,3,mooncake_store,real_client.cpp::batch_get_into_internal.BatchQuery,399496
2026-07-22 20:50:14.262893740,1000,1074,25,3,mooncake_store,real_client.cpp::batch_get_into_internal.BatchQuery,393365
2026-07-22 20:50:14.279312517,1000,1078,10,3,mooncake_store,real_client.cpp::batch_get_into_internal.BatchQuery,360611
2026-07-22 20:50:14.295906108,1000,1070,26,3,mooncake_store,real_client.cpp::batch_get_into_internal.BatchQuery,358537
2026-07-22 20:50:14.313025749,1000,1076,18,3,mooncake_store,real_client.cpp::batch_get_into_internal.BatchQuery,373801
2026-07-22 20:50:14.329747830,1000,1084,22,3,mooncake_store,real_client.cpp::batch_get_into_internal.BatchQuery,368744
2026-07-22 20:50:14.345945965,1000,1085,27,3,mooncake_store,real_client.cpp::batch_get_into_internal.BatchQuery,372051
2026-07-22 20:50:14.363912335,1000,1075,1,3,mooncake_store,real_client.cpp::batch_get_into_internal.BatchQuery,446520
2026-07-22 20:50:14.382390305,1000,1071,9,3,mooncake_store,real_client.cpp::batch_get_into_internal.BatchQuery,452080
2026-07-22 20:50:14.402621981,1000,1080,23,3,mooncake_store,real_client.cpp::batch_get_into_internal.BatchQuery,398210
2026-07-22 20:50:14.419250898,1000,1077,21,3,mooncake_store,real_client.cpp::batch_get_into_internal.BatchQuery,436890
2026-07-22 20:50:14.439220417,1000,1073,2,3,mooncake_store,real_client.cpp::batch_get_into_internal.BatchQuery,377865
2026-07-22 20:50:14.456187493,1000,1083,16,3,mooncake_store,real_client.cpp::batch_get_into_internal.BatchQuery,350639
2026-07-22 20:50:14.470826192,1000,1072,14,3,mooncake_store,real_client.cpp::batch_get_into_internal.BatchQuery,473857
2026-07-22 20:50:14.490649983,1000,1081,4,3,mooncake_store,real_client.cpp::batch_get_into_internal.BatchQuery,392623
2026-07-22 20:50:14.503735636,1000,1082,13,3,mooncake_store,real_client.cpp::batch_get_into_internal.BatchQuery,388871
2026-07-22 20:50:14.521052014,1000,1079,11,3,mooncake_store,real_client.cpp::batch_get_into_internal.BatchQuery,432720
2026-07-22 20:50:14.538439061,1000,1074,25,3,mooncake_store,real_client.cpp::batch_get_into_internal.BatchQuery,332206
2026-07-22 20:50:14.557179963,1000,1078,10,3,mooncake_store,real_client.cpp::batch_get_into_internal.BatchQuery,393965
2026-07-22 20:50:14.582974901,1000,1070,26,3,mooncake_store,real_client.cpp::batch_get_into_internal.BatchQuery,358807
2026-07-22 20:50:14.470845525,1000,1072,14,3,mooncake_store,real_client.cpp::batch_get_into_internal.SelectReplica,40
2026-07-22 20:50:14.470845951,1000,1072,14,3,mooncake_store,real_client.cpp::batch_get_into_internal.SelectReplica,42
2026-07-22 20:50:14.470846429,1000,1072,14,3,mooncake_store,real_client.cpp::batch_get_into_internal.SelectReplica,42
2026-07-22 20:50:14.470846859,1000,1072,14,3,mooncake_store,real_client.cpp::batch_get_into_internal.SelectReplica,46
2026-07-22 20:50:14.490665775,1000,1081,4,3,mooncake_store,real_client.cpp::batch_get_into_internal.SelectReplica,440
2026-07-22 20:50:14.490668507,1000,1081,4,3,mooncake_store,real_client.cpp::batch_get_into_internal.SelectReplica,39
2026-07-22 20:50:14.490669005,1000,1081,4,3,mooncake_store,real_client.cpp::batch_get_into_internal.SelectReplica,40
2026-07-22 20:50:14.490669331,1000,1081,4,3,mooncake_store,real_client.cpp::batch_get_into_internal.SelectReplica,40
2026-07-22 20:50:14.490669617,1000,1081,4,3,mooncake_store,real_client.cpp::batch_get_into_internal.SelectReplica,40
2026-07-22 20:50:14.490670322,1000,1081,4,3,mooncake_store,real_client.cpp::batch_get_into_internal.SelectReplica,40
2026-07-22 20:50:14.490670699,1000,1081,4,3,mooncake_store,real_client.cpp::batch_get_into_internal.SelectReplica,41
2026-07-22 20:50:14.490671090,1000,1081,4,3,mooncake_store,real_client.cpp::batch_get_into_internal.SelectReplica,39
2026-07-22 20:50:14.490671523,1000,1081,4,3,mooncake_store,real_client.cpp::batch_get_into_internal.SelectReplica,39
2026-07-22 20:50:14.490671812,1000,1081,4,3,mooncake_store,real_client.cpp::batch_get_into_internal.SelectReplica,39
2026-07-22 20:50:14.490672104,1000,1081,4,3,mooncake_store,real_client.cpp::batch_get_into_internal.SelectReplica,40
2026-07-22 20:50:14.490672512,1000,1081,4,3,mooncake_store,real_client.cpp::batch_get_into_internal.SelectReplica,41
2026-07-22 20:50:14.490672993,1000,1081,4,3,mooncake_store,real_client.cpp::batch_get_into_internal.SelectReplica,39
2026-07-22 20:50:14.490673366,1000,1081,4,3,mooncake_store,real_client.cpp::batch_get_into_internal.SelectReplica,39
2026-07-22 20:50:14.490673726,1000,1081,4,3,mooncake_store,real_client.cpp::batch_get_into_internal.SelectReplica,41
2026-07-22 20:50:14.490674254,1000,1081,4,3,mooncake_store,real_client.cpp::batch_get_into_internal.SelectReplica,46
2026-07-22 20:50:14.503752181,1000,1082,13,3,mooncake_store,real_client.cpp::batch_get_into_internal.SelectReplica,585
2026-07-22 20:50:14.503754871,1000,1082,13,3,mooncake_store,real_client.cpp::batch_get_into_internal.SelectReplica,53
2026-07-22 20:50:14.503755384,1000,1082,13,3,mooncake_store,real_client.cpp::batch_get_into_internal.SelectReplica,41
2026-07-22 20:50:14.503755782,1000,1082,13,3,mooncake_store,real_client.cpp::batch_get_into_internal.SelectReplica,39
2026-07-22 20:50:14.503756098,1000,1082,13,3,mooncake_store,real_client.cpp::batch_get_into_internal.SelectReplica,40
2026-07-22 20:50:14.503756838,1000,1082,13,3,mooncake_store,real_client.cpp::batch_get_into_internal.SelectReplica,39
2026-07-22 20:50:14.503757220,1000,1082,13,3,mooncake_store,real_client.cpp::batch_get_into_internal.SelectReplica,39
2026-07-22 20:50:14.503757606,1000,1082,13,3,mooncake_store,real_client.cpp::batch_get_into_internal.SelectReplica,40
2026-07-22 20:50:14.503758012,1000,1082,13,3,mooncake_store,real_client.cpp::batch_get_into_internal.SelectReplica,41
2026-07-22 20:50:14.503758318,1000,1082,13,3,mooncake_store,real_client.cpp::batch_get_into_internal.SelectReplica,38
2026-07-22 20:50:14.503758587,1000,1082,13,3,mooncake_store,real_client.cpp::batch_get_into_internal.SelectReplica,40
2026-07-22 20:50:14.503758994,1000,1082,13,3,mooncake_store,real_client.cpp::batch_get_into_internal.SelectReplica,39
2026-07-22 20:50:14.503759513,1000,1082,13,3,mooncake_store,real_client.cpp::batch_get_into_internal.SelectReplica,40
2026-07-22 20:50:14.503759861,1000,1082,13,3,mooncake_store,real_client.cpp::batch_get_into_internal.SelectReplica,40
2026-07-22 20:50:14.503760228,1000,1082,13,3,mooncake_store,real_client.cpp::batch_get_into_internal.SelectReplica,38
2026-07-22 20:50:14.503760702,1000,1082,13,3,mooncake_store,real_client.cpp::batch_get_into_internal.SelectReplica,40
2026-07-22 20:50:14.521068788,1000,1079,11,3,mooncake_store,real_client.cpp::batch_get_into_internal.SelectReplica,502
2026-07-22 20:50:14.521071273,1000,1079,11,3,mooncake_store,real_client.cpp::batch_get_into_internal.SelectReplica,45
2026-07-22 20:50:14.521071729,1000,1079,11,3,mooncake_store,real_client.cpp::batch_get_into_internal.SelectReplica,39
2026-07-22 20:50:14.521072066,1000,1079,11,3,mooncake_store,real_client.cpp::batch_get_into_internal.SelectReplica,39
2026-07-22 20:50:14.521072454,1000,1079,11,3,mooncake_store,real_client.cpp::batch_get_into_internal.SelectReplica,39
2026-07-22 20:50:14.521073075,1000,1079,11,3,mooncake_store,real_client.cpp::batch_get_into_internal.SelectReplica,39
2026-07-22 20:50:14.521073410,1000,1079,11,3,mooncake_store,real_client.cpp::batch_get_into_internal.SelectReplica,40
2026-07-22 20:50:14.521073811,1000,1079,11,3,mooncake_store,real_client.cpp::batch_get_into_internal.SelectReplica,39
2026-07-22 20:50:14.521074257,1000,1079,11,3,mooncake_store,real_client.cpp::batch_get_into_internal.SelectReplica,39
2026-07-22 20:50:14.521074563,1000,1079,11,3,mooncake_store,real_client.cpp::batch_get_into_internal.SelectReplica,40
2026-07-22 20:50:14.521074841,1000,1079,11,3,mooncake_store,real_client.cpp::batch_get_into_internal.SelectReplica,40
2026-07-22 20:50:14.521075356,1000,1079,11,3,mooncake_store,real_client.cpp::batch_get_into_internal.SelectReplica,41
2026-07-22 20:50:14.521075750,1000,1079,11,3,mooncake_store,real_client.cpp::batch_get_into_internal.SelectReplica,39
2026-07-22 20:50:14.521076072,1000,1079,11,3,mooncake_store,real_client.cpp::batch_get_into_internal.SelectReplica,44
2026-07-22 20:50:14.521076424,1000,1079,11,3,mooncake_store,real_client.cpp::batch_get_into_internal.SelectReplica,41
2026-07-22 20:50:14.521076850,1000,1079,11,3,mooncake_store,real_client.cpp::batch_get_into_internal.SelectReplica,40
2026-07-22 20:50:14.538446510,1000,1074,25,3,mooncake_store,real_client.cpp::batch_get_into_internal.SelectReplica,353
2026-07-22 20:50:14.538449578,1000,1074,25,3,mooncake_store,real_client.cpp::batch_get_into_internal.SelectReplica,44
2026-07-22 20:50:14.538450030,1000,1074,25,3,mooncake_store,real_client.cpp::batch_get_into_internal.SelectReplica,44
2026-07-22 20:50:14.538450453,1000,1074,25,3,mooncake_store,real_client.cpp::batch_get_into_internal.SelectReplica,46
2026-07-22 20:50:14.538450854,1000,1074,25,3,mooncake_store,real_client.cpp::batch_get_into_internal.SelectReplica,42
2026-07-22 20:50:14.538451379,1000,1074,25,3,mooncake_store,real_client.cpp::batch_get_into_internal.SelectReplica,46
2026-07-22 20:50:14.538451781,1000,1074,25,3,mooncake_store,real_client.cpp::batch_get_into_internal.SelectReplica,42
2026-07-22 20:50:14.538452242,1000,1074,25,3,mooncake_store,real_client.cpp::batch_get_into_internal.SelectReplica,41
2026-07-22 20:50:14.538452722,1000,1074,25,3,mooncake_store,real_client.cpp::batch_get_into_internal.SelectReplica,39
2026-07-22 20:50:14.538453108,1000,1074,25,3,mooncake_store,real_client.cpp::batch_get_into_internal.SelectReplica,41
2026-07-22 20:50:14.538453631,1000,1074,25,3,mooncake_store,real_client.cpp::batch_get_into_internal.SelectReplica,41
2026-07-22 20:50:14.538454088,1000,1074,25,3,mooncake_store,real_client.cpp::batch_get_into_internal.SelectReplica,44
2026-07-22 20:50:14.538454477,1000,1074,25,3,mooncake_store,real_client.cpp::batch_get_into_internal.SelectReplica,42
2026-07-22 20:50:14.538455033,1000,1074,25,3,mooncake_store,real_client.cpp::batch_get_into_internal.SelectReplica,43
2026-07-22 20:50:14.538455566,1000,1074,25,3,mooncake_store,real_client.cpp::batch_get_into_internal.SelectReplica,40
2026-07-22 20:50:14.538456126,1000,1074,25,3,mooncake_store,real_client.cpp::batch_get_into_internal.SelectReplica,41
2026-07-22 20:50:14.557195435,1000,1078,10,3,mooncake_store,real_client.cpp::batch_get_into_internal.SelectReplica,475
2026-07-22 20:50:14.557197761,1000,1078,10,3,mooncake_store,real_client.cpp::batch_get_into_internal.SelectReplica,61
2026-07-22 20:50:14.557198268,1000,1078,10,3,mooncake_store,real_client.cpp::batch_get_into_internal.SelectReplica,39
2026-07-22 20:50:14.557198737,1000,1078,10,3,mooncake_store,real_client.cpp::batch_get_into_internal.SelectReplica,38
2026-07-22 20:50:14.557199108,1000,1078,10,3,mooncake_store,real_client.cpp::batch_get_into_internal.SelectReplica,37
2026-07-22 20:50:14.557199575,1000,1078,10,3,mooncake_store,real_client.cpp::batch_get_into_internal.SelectReplica,38
2026-07-22 20:50:14.557199926,1000,1078,10,3,mooncake_store,real_client.cpp::batch_get_into_internal.SelectReplica,37
2026-07-22 20:50:14.557200509,1000,1078,10,3,mooncake_store,real_client.cpp::batch_get_into_internal.SelectReplica,38
2026-07-22 20:50:14.557200988,1000,1078,10,3,mooncake_store,real_client.cpp::batch_get_into_internal.SelectReplica,39
2026-07-22 20:50:14.557201393,1000,1078,10,3,mooncake_store,real_client.cpp::batch_get_into_internal.SelectReplica,38
2026-07-22 20:50:14.557201785,1000,1078,10,3,mooncake_store,real_client.cpp::batch_get_into_internal.SelectReplica,38
2026-07-22 20:50:14.557202107,1000,1078,10,3,mooncake_store,real_client.cpp::batch_get_into_internal.SelectReplica,38
2026-07-22 20:50:14.557202427,1000,1078,10,3,mooncake_store,real_client.cpp::batch_get_into_internal.SelectReplica,38
2026-07-22 20:50:14.557202785,1000,1078,10,3,mooncake_store,real_client.cpp::batch_get_into_internal.SelectReplica,39
2026-07-22 20:50:14.557203151,1000,1078,10,3,mooncake_store,real_client.cpp::batch_get_into_internal.SelectReplica,38
2026-07-22 20:50:14.557203615,1000,1078,10,3,mooncake_store,real_client.cpp::batch_get_into_internal.SelectReplica,38
2026-07-22 20:50:14.582986374,1000,1070,26,3,mooncake_store,real_client.cpp::batch_get_into_internal.SelectReplica,487
2026-07-22 20:50:14.582990753,1000,1070,26,3,mooncake_store,real_client.cpp::batch_get_into_internal.SelectReplica,50
2026-07-22 20:50:14.582991811,1000,1070,26,3,mooncake_store,real_client.cpp::batch_get_into_internal.SelectReplica,47
2026-07-22 20:50:14.582992530,1000,1070,26,3,mooncake_store,real_client.cpp::batch_get_into_internal.SelectReplica,46
2026-07-22 20:50:14.582993138,1000,1070,26,3,mooncake_store,real_client.cpp::batch_get_into_internal.SelectReplica,45
2026-07-22 20:50:14.582993799,1000,1070,26,3,mooncake_store,real_client.cpp::batch_get_into_internal.SelectReplica,47
2026-07-22 20:50:14.582994368,1000,1070,26,3,mooncake_store,real_client.cpp::batch_get_into_internal.SelectReplica,42
2026-07-22 20:50:14.582995128,1000,1070,26,3,mooncake_store,real_client.cpp::batch_get_into_internal.SelectReplica,43
2026-07-22 20:50:14.582995737,1000,1070,26,3,mooncake_store,real_client.cpp::batch_get_into_internal.SelectReplica,41
2026-07-22 20:50:14.582996311,1000,1070,26,3,mooncake_store,real_client.cpp::batch_get_into_internal.SelectReplica,46
2026-07-22 20:50:14.582996963,1000,1070,26,3,mooncake_store,real_client.cpp::batch_get_into_internal.SelectReplica,44
2026-07-22 20:50:14.582997585,1000,1070,26,3,mooncake_store,real_client.cpp::batch_get_into_internal.SelectReplica,45
2026-07-22 20:50:14.582998516,1000,1070,26,3,mooncake_store,real_client.cpp::batch_get_into_internal.SelectReplica,46
2026-07-22 20:50:14.582999137,1000,1070,26,3,mooncake_store,real_client.cpp::batch_get_into_internal.SelectReplica,44
2026-07-22 20:50:14.582999713,1000,1070,26,3,mooncake_store,real_client.cpp::batch_get_into_internal.SelectReplica,41
2026-07-22 20:50:14.583000386,1000,1070,26,3,mooncake_store,real_client.cpp::batch_get_into_internal.SelectReplica,42
2026-07-22 20:50:13.143580462,1000,1079,11,3,mooncake_store,real_client.cpp::batch_get_into_internal.MemRead,270143706
2026-07-22 20:50:13.157617275,1000,1074,25,3,mooncake_store,real_client.cpp::batch_get_into_internal.MemRead,267768730
2026-07-22 20:50:13.173648484,1000,1078,10,3,mooncake_store,real_client.cpp::batch_get_into_internal.MemRead,266136425
2026-07-22 20:50:13.188610184,1000,1070,26,3,mooncake_store,real_client.cpp::batch_get_into_internal.MemRead,264181667
2026-07-22 20:50:13.208886862,1000,1076,18,3,mooncake_store,real_client.cpp::batch_get_into_internal.MemRead,266249200
2026-07-22 20:50:13.220461606,1000,1084,22,3,mooncake_store,real_client.cpp::batch_get_into_internal.MemRead,260387161
2026-07-22 20:50:13.237557961,1000,1085,27,3,mooncake_store,real_client.cpp::batch_get_into_internal.MemRead,257583954
2026-07-22 20:50:13.254044941,1000,1075,1,3,mooncake_store,real_client.cpp::batch_get_into_internal.MemRead,255035746
2026-07-22 20:50:13.270610540,1000,1071,9,3,mooncake_store,real_client.cpp::batch_get_into_internal.MemRead,255349359
2026-07-22 20:50:13.287268679,1000,1080,23,3,mooncake_store,real_client.cpp::batch_get_into_internal.MemRead,257247309
2026-07-22 20:50:13.303486496,1000,1077,21,3,mooncake_store,real_client.cpp::batch_get_into_internal.MemRead,256049516
2026-07-22 20:50:13.325329919,1000,1073,2,3,mooncake_store,real_client.cpp::batch_get_into_internal.MemRead,260783362
2026-07-22 20:50:13.344633038,1000,1083,16,3,mooncake_store,real_client.cpp::batch_get_into_internal.MemRead,263459970
2026-07-22 20:50:13.358234070,1000,1072,14,3,mooncake_store,real_client.cpp::batch_get_into_internal.MemRead,260618960
2026-07-22 20:50:13.375143828,1000,1081,4,3,mooncake_store,real_client.cpp::batch_get_into_internal.MemRead,260519069
2026-07-22 20:50:13.392184650,1000,1082,13,3,mooncake_store,real_client.cpp::batch_get_into_internal.MemRead,262312614
2026-07-22 20:50:13.406302406,1000,1079,11,3,mooncake_store,real_client.cpp::batch_get_into_internal.MemRead,262284825
2026-07-22 20:50:13.422747593,1000,1074,25,3,mooncake_store,real_client.cpp::batch_get_into_internal.MemRead,264722159
2026-07-22 20:50:13.439980346,1000,1078,10,3,mooncake_store,real_client.cpp::batch_get_into_internal.MemRead,265892210
2026-07-22 20:50:13.456916557,1000,1070,26,3,mooncake_store,real_client.cpp::batch_get_into_internal.MemRead,267889370
2026-07-22 20:50:13.473588338,1000,1076,18,3,mooncake_store,real_client.cpp::batch_get_into_internal.MemRead,264287066
2026-07-22 20:50:13.490449218,1000,1084,22,3,mooncake_store,real_client.cpp::batch_get_into_internal.MemRead,269584098
2026-07-22 20:50:13.510124872,1000,1085,27,3,mooncake_store,real_client.cpp::batch_get_into_internal.MemRead,272177484
2026-07-22 20:50:13.531441610,1000,1075,1,3,mooncake_store,real_client.cpp::batch_get_into_internal.MemRead,276991558
2026-07-22 20:50:13.548835312,1000,1071,9,3,mooncake_store,real_client.cpp::batch_get_into_internal.MemRead,277767755
2026-07-22 20:50:13.569347527,1000,1080,23,3,mooncake_store,real_client.cpp::batch_get_into_internal.MemRead,281649282
2026-07-22 20:50:13.582436436,1000,1077,21,3,mooncake_store,real_client.cpp::batch_get_into_internal.MemRead,278490392
2026-07-22 20:50:13.599157957,1000,1073,2,3,mooncake_store,real_client.cpp::batch_get_into_internal.MemRead,273419465
2026-07-22 20:50:13.615729980,1000,1083,16,3,mooncake_store,real_client.cpp::batch_get_into_internal.MemRead,270679886
2026-07-22 20:50:13.632354968,1000,1072,14,3,mooncake_store,real_client.cpp::batch_get_into_internal.MemRead,273753665
2026-07-22 20:50:13.649246866,1000,1081,4,3,mooncake_store,real_client.cpp::batch_get_into_internal.MemRead,273614245
2026-07-22 20:50:13.666694507,1000,1082,13,3,mooncake_store,real_client.cpp::batch_get_into_internal.MemRead,274115208
2026-07-22 20:50:13.683398522,1000,1079,11,3,mooncake_store,real_client.cpp::batch_get_into_internal.MemRead,276649452
2026-07-22 20:50:13.701715823,1000,1074,25,3,mooncake_store,real_client.cpp::batch_get_into_internal.MemRead,278537222
2026-07-22 20:50:13.719707811,1000,1078,10,3,mooncake_store,real_client.cpp::batch_get_into_internal.MemRead,279319413
2026-07-22 20:50:13.733089503,1000,1070,26,3,mooncake_store,real_client.cpp::batch_get_into_internal.MemRead,275726715
2026-07-22 20:50:13.750769814,1000,1076,18,3,mooncake_store,real_client.cpp::batch_get_into_internal.MemRead,276766580
2026-07-22 20:50:13.768266739,1000,1084,22,3,mooncake_store,real_client.cpp::batch_get_into_internal.MemRead,277380275
2026-07-22 20:50:13.786829821,1000,1085,27,3,mooncake_store,real_client.cpp::batch_get_into_internal.MemRead,276327201
2026-07-22 20:50:13.805252029,1000,1075,1,3,mooncake_store,real_client.cpp::batch_get_into_internal.MemRead,273400610
2026-07-22 20:50:13.820780529,1000,1071,9,3,mooncake_store,real_client.cpp::batch_get_into_internal.MemRead,271502724
2026-07-22 20:50:13.838171562,1000,1080,23,3,mooncake_store,real_client.cpp::batch_get_into_internal.MemRead,268400748
2026-07-22 20:50:13.855505362,1000,1077,21,3,mooncake_store,real_client.cpp::batch_get_into_internal.MemRead,272643645
2026-07-22 20:50:13.878036059,1000,1073,2,3,mooncake_store,real_client.cpp::batch_get_into_internal.MemRead,278424706
2026-07-22 20:50:13.896784572,1000,1083,16,3,mooncake_store,real_client.cpp::batch_get_into_internal.MemRead,280662098
2026-07-22 20:50:13.918553479,1000,1072,14,3,mooncake_store,real_client.cpp::batch_get_into_internal.MemRead,285803241
2026-07-22 20:50:13.934764912,1000,1081,4,3,mooncake_store,real_client.cpp::batch_get_into_internal.MemRead,285027030
2026-07-22 20:50:13.956298697,1000,1082,13,3,mooncake_store,real_client.cpp::batch_get_into_internal.MemRead,289203160
2026-07-22 20:50:13.971266334,1000,1079,11,3,mooncake_store,real_client.cpp::batch_get_into_internal.MemRead,287432295
2026-07-22 20:50:13.991186294,1000,1074,25,3,mooncake_store,real_client.cpp::batch_get_into_internal.MemRead,289025317
2026-07-22 20:50:14.000589328,1000,1078,10,3,mooncake_store,real_client.cpp::batch_get_into_internal.MemRead,280473954
2026-07-22 20:50:14.017760418,1000,1070,26,3,mooncake_store,real_client.cpp::batch_get_into_internal.MemRead,284166349
2026-07-22 20:50:14.031185639,1000,1076,18,3,mooncake_store,real_client.cpp::batch_get_into_internal.MemRead,279961131
2026-07-22 20:50:14.046866104,1000,1084,22,3,mooncake_store,real_client.cpp::batch_get_into_internal.MemRead,278144803
2026-07-22 20:50:14.071503124,1000,1085,27,3,mooncake_store,real_client.cpp::batch_get_into_internal.MemRead,284257332
2026-07-22 20:50:14.087674042,1000,1075,1,3,mooncake_store,real_client.cpp::batch_get_into_internal.MemRead,282010175
2026-07-22 20:50:14.104320042,1000,1071,9,3,mooncake_store,real_client.cpp::batch_get_into_internal.MemRead,283066549
2026-07-22 20:50:14.120573821,1000,1080,23,3,mooncake_store,real_client.cpp::batch_get_into_internal.MemRead,281952870
2026-07-22 20:50:14.137069777,1000,1077,21,3,mooncake_store,real_client.cpp::batch_get_into_internal.MemRead,281038728
2026-07-22 20:50:14.153439753,1000,1073,2,3,mooncake_store,real_client.cpp::batch_get_into_internal.MemRead,274985647
2026-07-22 20:50:14.171081217,1000,1083,16,3,mooncake_store,real_client.cpp::batch_get_into_internal.MemRead,273890671
2026-07-22 20:50:14.188542026,1000,1072,14,3,mooncake_store,real_client.cpp::batch_get_into_internal.MemRead,269552678
2026-07-22 20:50:14.213569322,1000,1081,4,3,mooncake_store,real_client.cpp::batch_get_into_internal.MemRead,278353934
2026-07-22 20:50:14.228850379,1000,1082,13,3,mooncake_store,real_client.cpp::batch_get_into_internal.MemRead,271986700
2026-07-22 20:50:14.245719154,1000,1079,11,3,mooncake_store,real_client.cpp::batch_get_into_internal.MemRead,273949544
2026-07-22 20:50:14.262479450,1000,1074,25,3,mooncake_store,real_client.cpp::batch_get_into_internal.MemRead,270754820
2026-07-22 20:50:14.278896061,1000,1078,10,3,mooncake_store,real_client.cpp::batch_get_into_internal.MemRead,277954820
2026-07-22 20:50:14.295483134,1000,1070,26,3,mooncake_store,real_client.cpp::batch_get_into_internal.MemRead,277339103
2026-07-22 20:50:14.312630868,1000,1076,18,3,mooncake_store,real_client.cpp::batch_get_into_internal.MemRead,281051626
2026-07-22 20:50:14.329356243,1000,1084,22,3,mooncake_store,real_client.cpp::batch_get_into_internal.MemRead,282105787
2026-07-22 20:50:14.345552527,1000,1085,27,3,mooncake_store,real_client.cpp::batch_get_into_internal.MemRead,273657920
2026-07-22 20:50:14.363438061,1000,1075,1,3,mooncake_store,real_client.cpp::batch_get_into_internal.MemRead,275310027
2026-07-22 20:50:14.381909252,1000,1071,9,3,mooncake_store,real_client.cpp::batch_get_into_internal.MemRead,277124923
2026-07-22 20:50:14.402202261,1000,1080,23,3,mooncake_store,real_client.cpp::batch_get_into_internal.MemRead,281262988
2026-07-22 20:50:14.418789161,1000,1077,21,3,mooncake_store,real_client.cpp::batch_get_into_internal.MemRead,281303545
2026-07-22 20:50:14.438777521,1000,1073,2,3,mooncake_store,real_client.cpp::batch_get_into_internal.MemRead,284914584
2026-07-22 20:50:14.455737225,1000,1083,16,3,mooncake_store,real_client.cpp::batch_get_into_internal.MemRead,284228580
2026-07-22 20:50:14.470330300,1000,1072,14,3,mooncake_store,real_client.cpp::batch_get_into_internal.MemRead,281395451
2026-07-22 20:50:14.490234274,1000,1081,4,3,mooncake_store,real_client.cpp::batch_get_into_internal.MemRead,276194785
2026-07-22 20:50:14.503322989,1000,1082,13,3,mooncake_store,real_client.cpp::batch_get_into_internal.MemRead,274032406
2026-07-22 20:50:14.520598524,1000,1079,11,3,mooncake_store,real_client.cpp::batch_get_into_internal.MemRead,274422317
2026-07-22 20:50:14.538086650,1000,1074,25,3,mooncake_store,real_client.cpp::batch_get_into_internal.MemRead,275161833
2026-07-22 20:50:14.556758883,1000,1078,10,3,mooncake_store,real_client.cpp::batch_get_into_internal.MemRead,277414867
2026-07-22 20:50:14.582588445,1000,1070,26,3,mooncake_store,real_client.cpp::batch_get_into_internal.MemRead,286649019
2026-07-22 20:50:14.597632237,1000,1076,18,3,mooncake_store,real_client.cpp::batch_get_into_internal.MemRead,284574748
2026-07-22 20:50:14.617522441,1000,1084,22,3,mooncake_store,real_client.cpp::batch_get_into_internal.MemRead,287742513
2026-07-22 20:50:14.639416636,1000,1085,27,3,mooncake_store,real_client.cpp::batch_get_into_internal.MemRead,293440124
2026-07-22 20:50:14.659903468,1000,1075,1,3,mooncake_store,real_client.cpp::batch_get_into_internal.MemRead,295962660
2026-07-22 20:50:14.681341237,1000,1071,9,3,mooncake_store,real_client.cpp::batch_get_into_internal.MemRead,298922822
2026-07-22 20:50:14.709692316,1000,1080,23,3,mooncake_store,real_client.cpp::batch_get_into_internal.MemRead,307039536
2026-07-22 20:50:14.730080629,1000,1077,21,3,mooncake_store,real_client.cpp::batch_get_into_internal.MemRead,310800397
2026-07-22 20:50:14.751001869,1000,1073,2,3,mooncake_store,real_client.cpp::batch_get_into_internal.MemRead,311751238
2026-07-22 20:50:14.769100665,1000,1083,16,3,mooncake_store,real_client.cpp::batch_get_into_internal.MemRead,312887012
2026-07-22 20:50:14.785721734,1000,1072,14,3,mooncake_store,real_client.cpp::batch_get_into_internal.MemRead,314865128
2026-07-22 20:50:14.806528432,1000,1081,4,3,mooncake_store,real_client.cpp::batch_get_into_internal.MemRead,315845002
2026-07-22 20:50:14.822318428,1000,1082,13,3,mooncake_store,real_client.cpp::batch_get_into_internal.MemRead,318548823
2026-07-22 20:50:14.840158665,1000,1079,11,3,mooncake_store,real_client.cpp::batch_get_into_internal.MemRead,319073294
2026-07-22 20:50:14.852007612,1000,1074,25,3,mooncake_store,real_client.cpp::batch_get_into_internal.MemRead,313541508
2026-07-22 20:50:14.859690015,1000,1078,0,3,mooncake_store,real_client.cpp::batch_get_into_internal.MemRead,302478694
2026-07-22 20:50:14.861969250,1000,1070,26,3,mooncake_store,real_client.cpp::batch_get_into_internal.MemRead,278960119
2026-07-22 20:49:54.566159292,1000,1000,26,3,mooncake_store,client_service.cpp::Get.FindReplica,458
2026-07-22 20:49:54.568051828,1000,1000,26,3,mooncake_store,client_service.cpp::Get.FindReplica,450
2026-07-22 20:49:54.569475265,1000,1000,26,3,mooncake_store,client_service.cpp::Get.FindReplica,227
2026-07-22 20:49:54.570849543,1000,1000,26,3,mooncake_store,client_service.cpp::Get.FindReplica,231
2026-07-22 20:49:54.572101145,1000,1000,26,3,mooncake_store,client_service.cpp::Get.FindReplica,198
2026-07-22 20:49:54.567846763,1000,1000,26,3,mooncake_store,client_service.cpp::Get.TransferRead,1687272
2026-07-22 20:49:54.569333194,1000,1000,26,3,mooncake_store,client_service.cpp::Get.TransferRead,1281033
2026-07-22 20:49:54.570769051,1000,1000,26,3,mooncake_store,client_service.cpp::Get.TransferRead,1293622
2026-07-22 20:49:54.572006648,1000,1000,26,3,mooncake_store,client_service.cpp::Get.TransferRead,1156944
2026-07-22 20:49:54.573312375,1000,1000,26,3,mooncake_store,client_service.cpp::Get.TransferRead,1211090
2026-07-22 20:49:54.567842363,1000,1000,26,3,mooncake_store,client_service.cpp::TransferData.TransferData[G],1682476
2026-07-22 20:49:54.569332416,1000,1000,26,3,mooncake_store,client_service.cpp::TransferData.TransferData[G],1280004
2026-07-22 20:49:54.570768360,1000,1000,26,3,mooncake_store,client_service.cpp::TransferData.TransferData[G],1292708
2026-07-22 20:49:54.572006112,1000,1000,26,3,mooncake_store,client_service.cpp::TransferData.TransferData[G],1156262
2026-07-22 20:49:54.573311860,1000,1000,26,3,mooncake_store,client_service.cpp::TransferData.TransferData[G],1210416
2026-07-22 20:49:54.566716218,1000,1000,26,4,mooncake_store,client_service.cpp::TransferData.Submit[G],556287
2026-07-22 20:49:54.568155606,1000,1000,26,4,mooncake_store,client_service.cpp::TransferData.Submit[G],103155
2026-07-22 20:49:54.569556620,1000,1000,26,4,mooncake_store,client_service.cpp::TransferData.Submit[G],80925
2026-07-22 20:49:54.570923159,1000,1000,26,4,mooncake_store,client_service.cpp::TransferData.Submit[G],73266
2026-07-22 20:49:54.572177248,1000,1000,26,4,mooncake_store,client_service.cpp::TransferData.Submit[G],75766
2026-07-22 20:49:54.567841638,1000,1000,26,4,mooncake_store,client_service.cpp::TransferData.Wait[G],1120011
2026-07-22 20:49:54.569332083,1000,1000,26,4,mooncake_store,client_service.cpp::TransferData.Wait[G],1174805
2026-07-22 20:49:54.570768064,1000,1000,26,4,mooncake_store,client_service.cpp::TransferData.Wait[G],1209892
2026-07-22 20:49:54.572005938,1000,1000,26,4,mooncake_store,client_service.cpp::TransferData.Wait[G],1081388
2026-07-22 20:49:54.573311598,1000,1000,26,4,mooncake_store,client_service.cpp::TransferData.Wait[G],1133025
2026-07-22 20:50:14.471352866,1000,1072,14,3,mooncake_store,client_service.cpp::BatchGet.FindReplica,73
2026-07-22 20:50:14.471376667,1000,1072,14,3,mooncake_store,client_service.cpp::BatchGet.FindReplica,54
2026-07-22 20:50:14.471399335,1000,1072,14,3,mooncake_store,client_service.cpp::BatchGet.FindReplica,72
2026-07-22 20:50:14.471421932,1000,1072,14,3,mooncake_store,client_service.cpp::BatchGet.FindReplica,64
2026-07-22 20:50:14.490685339,1000,1081,4,3,mooncake_store,client_service.cpp::BatchGet.FindReplica,984
2026-07-22 20:50:14.490812371,1000,1081,4,3,mooncake_store,client_service.cpp::BatchGet.FindReplica,206
2026-07-22 20:50:14.490861112,1000,1081,4,3,mooncake_store,client_service.cpp::BatchGet.FindReplica,178
2026-07-22 20:50:14.490903050,1000,1081,4,3,mooncake_store,client_service.cpp::BatchGet.FindReplica,167
2026-07-22 20:50:14.490942846,1000,1081,4,3,mooncake_store,client_service.cpp::BatchGet.FindReplica,227
2026-07-22 20:50:14.490984084,1000,1081,4,3,mooncake_store,client_service.cpp::BatchGet.FindReplica,194
2026-07-22 20:50:14.491022799,1000,1081,4,3,mooncake_store,client_service.cpp::BatchGet.FindReplica,157
2026-07-22 20:50:14.491060766,1000,1081,4,3,mooncake_store,client_service.cpp::BatchGet.FindReplica,165
2026-07-22 20:50:14.491096625,1000,1081,4,3,mooncake_store,client_service.cpp::BatchGet.FindReplica,147
2026-07-22 20:50:14.491137831,1000,1081,4,3,mooncake_store,client_service.cpp::BatchGet.FindReplica,113
2026-07-22 20:50:14.491179754,1000,1081,4,3,mooncake_store,client_service.cpp::BatchGet.FindReplica,132
2026-07-22 20:50:14.491219002,1000,1081,4,3,mooncake_store,client_service.cpp::BatchGet.FindReplica,130
2026-07-22 20:50:14.491257295,1000,1081,4,3,mooncake_store,client_service.cpp::BatchGet.FindReplica,170
2026-07-22 20:50:14.491295414,1000,1081,4,3,mooncake_store,client_service.cpp::BatchGet.FindReplica,124
2026-07-22 20:50:14.491333964,1000,1081,4,3,mooncake_store,client_service.cpp::BatchGet.FindReplica,127
2026-07-22 20:50:14.491381100,1000,1081,4,3,mooncake_store,client_service.cpp::BatchGet.FindReplica,139
2026-07-22 20:50:14.503771287,1000,1082,13,3,mooncake_store,client_service.cpp::BatchGet.FindReplica,790
2026-07-22 20:50:14.503900960,1000,1082,13,3,mooncake_store,client_service.cpp::BatchGet.FindReplica,180
2026-07-22 20:50:14.503951305,1000,1082,13,3,mooncake_store,client_service.cpp::BatchGet.FindReplica,211
2026-07-22 20:50:14.503994371,1000,1082,13,3,mooncake_store,client_service.cpp::BatchGet.FindReplica,161
2026-07-22 20:50:14.504033083,1000,1082,13,3,mooncake_store,client_service.cpp::BatchGet.FindReplica,147
2026-07-22 20:50:14.504071108,1000,1082,13,3,mooncake_store,client_service.cpp::BatchGet.FindReplica,123
2026-07-22 20:50:14.504108556,1000,1082,13,3,mooncake_store,client_service.cpp::BatchGet.FindReplica,134
2026-07-22 20:50:14.504146403,1000,1082,13,3,mooncake_store,client_service.cpp::BatchGet.FindReplica,143
2026-07-22 20:50:14.504183625,1000,1082,13,3,mooncake_store,client_service.cpp::BatchGet.FindReplica,136
2026-07-22 20:50:14.504221825,1000,1082,13,3,mooncake_store,client_service.cpp::BatchGet.FindReplica,121
2026-07-22 20:50:14.504260406,1000,1082,13,3,mooncake_store,client_service.cpp::BatchGet.FindReplica,149
2026-07-22 20:50:14.504296987,1000,1082,13,3,mooncake_store,client_service.cpp::BatchGet.FindReplica,132
2026-07-22 20:50:14.504336582,1000,1082,13,3,mooncake_store,client_service.cpp::BatchGet.FindReplica,113
2026-07-22 20:50:14.504374233,1000,1082,13,3,mooncake_store,client_service.cpp::BatchGet.FindReplica,119
2026-07-22 20:50:14.504412033,1000,1082,13,3,mooncake_store,client_service.cpp::BatchGet.FindReplica,139
2026-07-22 20:50:14.504449026,1000,1082,13,3,mooncake_store,client_service.cpp::BatchGet.FindReplica,127
2026-07-22 20:50:14.521087183,1000,1079,11,3,mooncake_store,client_service.cpp::BatchGet.FindReplica,866
2026-07-22 20:50:14.521193652,1000,1079,11,3,mooncake_store,client_service.cpp::BatchGet.FindReplica,155
2026-07-22 20:50:14.521235102,1000,1079,11,3,mooncake_store,client_service.cpp::BatchGet.FindReplica,147
2026-07-22 20:50:14.521274501,1000,1079,11,3,mooncake_store,client_service.cpp::BatchGet.FindReplica,143
2026-07-22 20:50:14.521311991,1000,1079,11,3,mooncake_store,client_service.cpp::BatchGet.FindReplica,135
2026-07-22 20:50:14.521350906,1000,1079,11,3,mooncake_store,client_service.cpp::BatchGet.FindReplica,125
2026-07-22 20:50:14.521386424,1000,1079,11,3,mooncake_store,client_service.cpp::BatchGet.FindReplica,130
2026-07-22 20:50:14.521423284,1000,1079,11,3,mooncake_store,client_service.cpp::BatchGet.FindReplica,130
2026-07-22 20:50:14.521460930,1000,1079,11,3,mooncake_store,client_service.cpp::BatchGet.FindReplica,119
2026-07-22 20:50:14.521503802,1000,1079,11,3,mooncake_store,client_service.cpp::BatchGet.FindReplica,137
2026-07-22 20:50:14.521541792,1000,1079,11,3,mooncake_store,client_service.cpp::BatchGet.FindReplica,134
2026-07-22 20:50:14.521578892,1000,1079,11,3,mooncake_store,client_service.cpp::BatchGet.FindReplica,133
2026-07-22 20:50:14.521614411,1000,1079,11,3,mooncake_store,client_service.cpp::BatchGet.FindReplica,132
2026-07-22 20:50:14.521660420,1000,1079,11,3,mooncake_store,client_service.cpp::BatchGet.FindReplica,155
2026-07-22 20:50:14.521696944,1000,1079,11,3,mooncake_store,client_service.cpp::BatchGet.FindReplica,204
2026-07-22 20:50:14.521732499,1000,1079,11,3,mooncake_store,client_service.cpp::BatchGet.FindReplica,157
2026-07-22 20:50:14.538467468,1000,1074,25,3,mooncake_store,client_service.cpp::BatchGet.FindReplica,547
2026-07-22 20:50:14.538572575,1000,1074,25,3,mooncake_store,client_service.cpp::BatchGet.FindReplica,169
2026-07-22 20:50:14.538601456,1000,1074,25,3,mooncake_store,client_service.cpp::BatchGet.FindReplica,90
2026-07-22 20:50:14.538626668,1000,1074,25,3,mooncake_store,client_service.cpp::BatchGet.FindReplica,70
2026-07-22 20:50:14.538653547,1000,1074,25,3,mooncake_store,client_service.cpp::BatchGet.FindReplica,75
2026-07-22 20:50:14.538682348,1000,1074,25,3,mooncake_store,client_service.cpp::BatchGet.FindReplica,67
2026-07-22 20:50:14.538707406,1000,1074,25,3,mooncake_store,client_service.cpp::BatchGet.FindReplica,72
2026-07-22 20:50:14.538729961,1000,1074,25,3,mooncake_store,client_service.cpp::BatchGet.FindReplica,76
2026-07-22 20:50:14.538753621,1000,1074,25,3,mooncake_store,client_service.cpp::BatchGet.FindReplica,65
2026-07-22 20:50:14.538776375,1000,1074,25,3,mooncake_store,client_service.cpp::BatchGet.FindReplica,75
2026-07-22 20:50:14.538801812,1000,1074,25,3,mooncake_store,client_service.cpp::BatchGet.FindReplica,78
2026-07-22 20:50:14.538825323,1000,1074,25,3,mooncake_store,client_service.cpp::BatchGet.FindReplica,73
2026-07-22 20:50:14.538855151,1000,1074,25,3,mooncake_store,client_service.cpp::BatchGet.FindReplica,67
2026-07-22 20:50:14.538878170,1000,1074,25,3,mooncake_store,client_service.cpp::BatchGet.FindReplica,73
2026-07-22 20:50:14.538904952,1000,1074,25,3,mooncake_store,client_service.cpp::BatchGet.FindReplica,100
2026-07-22 20:50:14.538928224,1000,1074,25,3,mooncake_store,client_service.cpp::BatchGet.FindReplica,66
2026-07-22 20:50:14.557212999,1000,1078,10,3,mooncake_store,client_service.cpp::BatchGet.FindReplica,963
2026-07-22 20:50:14.557314715,1000,1078,10,3,mooncake_store,client_service.cpp::BatchGet.FindReplica,156
2026-07-22 20:50:14.557359739,1000,1078,10,3,mooncake_store,client_service.cpp::BatchGet.FindReplica,126
2026-07-22 20:50:14.557398135,1000,1078,10,3,mooncake_store,client_service.cpp::BatchGet.FindReplica,142
2026-07-22 20:50:14.557434245,1000,1078,10,3,mooncake_store,client_service.cpp::BatchGet.FindReplica,123
2026-07-22 20:50:14.557470344,1000,1078,10,3,mooncake_store,client_service.cpp::BatchGet.FindReplica,111
2026-07-22 20:50:14.557506380,1000,1078,10,3,mooncake_store,client_service.cpp::BatchGet.FindReplica,115
2026-07-22 20:50:14.557541127,1000,1078,10,3,mooncake_store,client_service.cpp::BatchGet.FindReplica,113
2026-07-22 20:50:14.557576970,1000,1078,10,3,mooncake_store,client_service.cpp::BatchGet.FindReplica,106
2026-07-22 20:50:14.557613527,1000,1078,10,3,mooncake_store,client_service.cpp::BatchGet.FindReplica,107
2026-07-22 20:50:14.557649186,1000,1078,10,3,mooncake_store,client_service.cpp::BatchGet.FindReplica,109
2026-07-22 20:50:14.557688271,1000,1078,10,3,mooncake_store,client_service.cpp::BatchGet.FindReplica,115
2026-07-22 20:50:14.557723986,1000,1078,10,3,mooncake_store,client_service.cpp::BatchGet.FindReplica,111
2026-07-22 20:50:14.557761598,1000,1078,10,3,mooncake_store,client_service.cpp::BatchGet.FindReplica,110
2026-07-22 20:50:14.557796849,1000,1078,10,3,mooncake_store,client_service.cpp::BatchGet.FindReplica,115
2026-07-22 20:50:14.557834295,1000,1078,10,3,mooncake_store,client_service.cpp::BatchGet.FindReplica,135
2026-07-22 20:50:14.583010981,1000,1070,26,3,mooncake_store,client_service.cpp::BatchGet.FindReplica,1043
2026-07-22 20:50:14.583108009,1000,1070,26,3,mooncake_store,client_service.cpp::BatchGet.FindReplica,116
2026-07-22 20:50:14.583137521,1000,1070,26,3,mooncake_store,client_service.cpp::BatchGet.FindReplica,119
2026-07-22 20:50:14.583162215,1000,1070,26,3,mooncake_store,client_service.cpp::BatchGet.FindReplica,91
2026-07-22 20:50:14.583186314,1000,1070,26,3,mooncake_store,client_service.cpp::BatchGet.FindReplica,91
2026-07-22 20:50:14.583210213,1000,1070,26,3,mooncake_store,client_service.cpp::BatchGet.FindReplica,81
2026-07-22 20:50:14.583234516,1000,1070,26,3,mooncake_store,client_service.cpp::BatchGet.FindReplica,68
2026-07-22 20:50:14.583256742,1000,1070,26,3,mooncake_store,client_service.cpp::BatchGet.FindReplica,70
2026-07-22 20:50:14.583279158,1000,1070,26,3,mooncake_store,client_service.cpp::BatchGet.FindReplica,73
2026-07-22 20:50:14.583301939,1000,1070,26,3,mooncake_store,client_service.cpp::BatchGet.FindReplica,68
2026-07-22 20:50:14.583324705,1000,1070,26,3,mooncake_store,client_service.cpp::BatchGet.FindReplica,70
2026-07-22 20:50:14.583347709,1000,1070,26,3,mooncake_store,client_service.cpp::BatchGet.FindReplica,69
2026-07-22 20:50:14.583371075,1000,1070,26,3,mooncake_store,client_service.cpp::BatchGet.FindReplica,71
2026-07-22 20:50:14.583393962,1000,1070,26,3,mooncake_store,client_service.cpp::BatchGet.FindReplica,71
2026-07-22 20:50:14.583416290,1000,1070,26,3,mooncake_store,client_service.cpp::BatchGet.FindReplica,65
2026-07-22 20:50:14.583439128,1000,1070,26,3,mooncake_store,client_service.cpp::BatchGet.FindReplica,66
2026-07-22 20:50:14.471375902,1000,1072,14,4,mooncake_store,client_service.cpp::BatchGet.Submit,22946
2026-07-22 20:50:14.471398588,1000,1072,14,4,mooncake_store,client_service.cpp::BatchGet.Submit,21820
2026-07-22 20:50:14.471421162,1000,1072,14,4,mooncake_store,client_service.cpp::BatchGet.Submit,21737
2026-07-22 20:50:14.471444022,1000,1072,14,4,mooncake_store,client_service.cpp::BatchGet.Submit,21991
2026-07-22 20:50:14.490806365,1000,1081,4,4,mooncake_store,client_service.cpp::BatchGet.Submit,120279
2026-07-22 20:50:14.490857666,1000,1081,4,4,mooncake_store,client_service.cpp::BatchGet.Submit,45116
2026-07-22 20:50:14.490900200,1000,1081,4,4,mooncake_store,client_service.cpp::BatchGet.Submit,38879
2026-07-22 20:50:14.490940276,1000,1081,4,4,mooncake_store,client_service.cpp::BatchGet.Submit,37138
2026-07-22 20:50:14.490980733,1000,1081,4,4,mooncake_store,client_service.cpp::BatchGet.Submit,37798
2026-07-22 20:50:14.491020240,1000,1081,4,4,mooncake_store,client_service.cpp::BatchGet.Submit,36037
2026-07-22 20:50:14.491058354,1000,1081,4,4,mooncake_store,client_service.cpp::BatchGet.Submit,35428
2026-07-22 20:50:14.491094318,1000,1081,4,4,mooncake_store,client_service.cpp::BatchGet.Submit,33459
2026-07-22 20:50:14.491134357,1000,1081,4,4,mooncake_store,client_service.cpp::BatchGet.Submit,37610
2026-07-22 20:50:14.491177160,1000,1081,4,4,mooncake_store,client_service.cpp::BatchGet.Submit,39146
2026-07-22 20:50:14.491216262,1000,1081,4,4,mooncake_store,client_service.cpp::BatchGet.Submit,36417
2026-07-22 20:50:14.491254597,1000,1081,4,4,mooncake_store,client_service.cpp::BatchGet.Submit,35502
2026-07-22 20:50:14.491293135,1000,1081,4,4,mooncake_store,client_service.cpp::BatchGet.Submit,35694
2026-07-22 20:50:14.491331555,1000,1081,4,4,mooncake_store,client_service.cpp::BatchGet.Submit,35987
2026-07-22 20:50:14.491378717,1000,1081,4,4,mooncake_store,client_service.cpp::BatchGet.Submit,44662
2026-07-22 20:50:14.491418215,1000,1081,4,4,mooncake_store,client_service.cpp::BatchGet.Submit,37017
2026-07-22 20:50:14.503894384,1000,1082,13,4,mooncake_store,client_service.cpp::BatchGet.Submit,122323
2026-07-22 20:50:14.503947621,1000,1082,13,4,mooncake_store,client_service.cpp::BatchGet.Submit,46498
2026-07-22 20:50:14.503991380,1000,1082,13,4,mooncake_store,client_service.cpp::BatchGet.Submit,39965
2026-07-22 20:50:14.504030387,1000,1082,13,4,mooncake_store,client_service.cpp::BatchGet.Submit,35858
2026-07-22 20:50:14.504067983,1000,1082,13,4,mooncake_store,client_service.cpp::BatchGet.Submit,34731
2026-07-22 20:50:14.504106087,1000,1082,13,4,mooncake_store,client_service.cpp::BatchGet.Submit,34835
2026-07-22 20:50:14.504143875,1000,1082,13,4,mooncake_store,client_service.cpp::BatchGet.Submit,35217
2026-07-22 20:50:14.504181017,1000,1082,13,4,mooncake_store,client_service.cpp::BatchGet.Submit,34514
2026-07-22 20:50:14.504218614,1000,1082,13,4,mooncake_store,client_service.cpp::BatchGet.Submit,34873
2026-07-22 20:50:14.504257709,1000,1082,13,4,mooncake_store,client_service.cpp::BatchGet.Submit,35738
2026-07-22 20:50:14.504294527,1000,1082,13,4,mooncake_store,client_service.cpp::BatchGet.Submit,33975
2026-07-22 20:50:14.504334008,1000,1082,13,4,mooncake_store,client_service.cpp::BatchGet.Submit,36846
2026-07-22 20:50:14.504371845,1000,1082,13,4,mooncake_store,client_service.cpp::BatchGet.Submit,35124
2026-07-22 20:50:14.504409708,1000,1082,13,4,mooncake_store,client_service.cpp::BatchGet.Submit,35297
2026-07-22 20:50:14.504446617,1000,1082,13,4,mooncake_store,client_service.cpp::BatchGet.Submit,34495
2026-07-22 20:50:14.504485336,1000,1082,13,4,mooncake_store,client_service.cpp::BatchGet.Submit,36193
2026-07-22 20:50:14.521188348,1000,1079,11,4,mooncake_store,client_service.cpp::BatchGet.Submit,100408
2026-07-22 20:50:14.521232130,1000,1079,11,4,mooncake_store,client_service.cpp::BatchGet.Submit,38334
2026-07-22 20:50:14.521271760,1000,1079,11,4,mooncake_store,client_service.cpp::BatchGet.Submit,36553
2026-07-22 20:50:14.521309483,1000,1079,11,4,mooncake_store,client_service.cpp::BatchGet.Submit,34861
2026-07-22 20:50:14.521347984,1000,1079,11,4,mooncake_store,client_service.cpp::BatchGet.Submit,35901
2026-07-22 20:50:14.521383871,1000,1079,11,4,mooncake_store,client_service.cpp::BatchGet.Submit,32877
2026-07-22 20:50:14.521420796,1000,1079,11,4,mooncake_store,client_service.cpp::BatchGet.Submit,34257
2026-07-22 20:50:14.521458429,1000,1079,11,4,mooncake_store,client_service.cpp::BatchGet.Submit,35055
2026-07-22 20:50:14.521494909,1000,1079,11,4,mooncake_store,client_service.cpp::BatchGet.Submit,33855
2026-07-22 20:50:14.521539212,1000,1079,11,4,mooncake_store,client_service.cpp::BatchGet.Submit,35214
2026-07-22 20:50:14.521576460,1000,1079,11,4,mooncake_store,client_service.cpp::BatchGet.Submit,34579
2026-07-22 20:50:14.521612032,1000,1079,11,4,mooncake_store,client_service.cpp::BatchGet.Submit,33054
2026-07-22 20:50:14.521658001,1000,1079,11,4,mooncake_store,client_service.cpp::BatchGet.Submit,43418
2026-07-22 20:50:14.521694598,1000,1079,11,4,mooncake_store,client_service.cpp::BatchGet.Submit,34060
2026-07-22 20:50:14.521730143,1000,1079,11,4,mooncake_store,client_service.cpp::BatchGet.Submit,33110
2026-07-22 20:50:14.521764171,1000,1079,11,4,mooncake_store,client_service.cpp::BatchGet.Submit,31584
2026-07-22 20:50:14.538568947,1000,1074,25,4,mooncake_store,client_service.cpp::BatchGet.Submit,100993
2026-07-22 20:50:14.538599632,1000,1074,25,4,mooncake_store,client_service.cpp::BatchGet.Submit,26853
2026-07-22 20:50:14.538625618,1000,1074,25,4,mooncake_store,client_service.cpp::BatchGet.Submit,24035
2026-07-22 20:50:14.538652425,1000,1074,25,4,mooncake_store,client_service.cpp::BatchGet.Submit,25638
2026-07-22 20:50:14.538680255,1000,1074,25,4,mooncake_store,client_service.cpp::BatchGet.Submit,26597
2026-07-22 20:50:14.538706356,1000,1074,25,4,mooncake_store,client_service.cpp::BatchGet.Submit,23862
2026-07-22 20:50:14.538729032,1000,1074,25,4,mooncake_store,client_service.cpp::BatchGet.Submit,21512
2026-07-22 20:50:14.538752727,1000,1074,25,4,mooncake_store,client_service.cpp::BatchGet.Submit,22677
2026-07-22 20:50:14.538774832,1000,1074,25,4,mooncake_store,client_service.cpp::BatchGet.Submit,21101
2026-07-22 20:50:14.538800806,1000,1074,25,4,mooncake_store,client_service.cpp::BatchGet.Submit,24321
2026-07-22 20:50:14.538824480,1000,1074,25,4,mooncake_store,client_service.cpp::BatchGet.Submit,22576
2026-07-22 20:50:14.538854272,1000,1074,25,4,mooncake_store,client_service.cpp::BatchGet.Submit,28854
2026-07-22 20:50:14.538877401,1000,1074,25,4,mooncake_store,client_service.cpp::BatchGet.Submit,22157
2026-07-22 20:50:14.538904179,1000,1074,25,4,mooncake_store,client_service.cpp::BatchGet.Submit,25921
2026-07-22 20:50:14.538927341,1000,1074,25,4,mooncake_store,client_service.cpp::BatchGet.Submit,22305
2026-07-22 20:50:14.538950794,1000,1074,25,4,mooncake_store,client_service.cpp::BatchGet.Submit,22476
2026-07-22 20:50:14.557309614,1000,1078,10,4,mooncake_store,client_service.cpp::BatchGet.Submit,95891
2026-07-22 20:50:14.557356979,1000,1078,10,4,mooncake_store,client_service.cpp::BatchGet.Submit,42139
2026-07-22 20:50:14.557395500,1000,1078,10,4,mooncake_store,client_service.cpp::BatchGet.Submit,35604
2026-07-22 20:50:14.557431975,1000,1078,10,4,mooncake_store,client_service.cpp::BatchGet.Submit,33699
2026-07-22 20:50:14.557467465,1000,1078,10,4,mooncake_store,client_service.cpp::BatchGet.Submit,33036
2026-07-22 20:50:14.557504086,1000,1078,10,4,mooncake_store,client_service.cpp::BatchGet.Submit,33572
2026-07-22 20:50:14.557538564,1000,1078,10,4,mooncake_store,client_service.cpp::BatchGet.Submit,32097
2026-07-22 20:50:14.557574678,1000,1078,10,4,mooncake_store,client_service.cpp::BatchGet.Submit,33426
2026-07-22 20:50:14.557610228,1000,1078,10,4,mooncake_store,client_service.cpp::BatchGet.Submit,33120
2026-07-22 20:50:14.557646763,1000,1078,10,4,mooncake_store,client_service.cpp::BatchGet.Submit,33139
2026-07-22 20:50:14.557685946,1000,1078,10,4,mooncake_store,client_service.cpp::BatchGet.Submit,36675
2026-07-22 20:50:14.557721593,1000,1078,10,4,mooncake_store,client_service.cpp::BatchGet.Submit,33200
2026-07-22 20:50:14.557759310,1000,1078,10,4,mooncake_store,client_service.cpp::BatchGet.Submit,35207
2026-07-22 20:50:14.557794532,1000,1078,10,4,mooncake_store,client_service.cpp::BatchGet.Submit,32809
2026-07-22 20:50:14.557831879,1000,1078,10,4,mooncake_store,client_service.cpp::BatchGet.Submit,34943
2026-07-22 20:50:14.557867332,1000,1078,10,4,mooncake_store,client_service.cpp::BatchGet.Submit,32912
2026-07-22 20:50:14.583104065,1000,1070,26,4,mooncake_store,client_service.cpp::BatchGet.Submit,92488
2026-07-22 20:50:14.583135777,1000,1070,26,4,mooncake_store,client_service.cpp::BatchGet.Submit,27608
2026-07-22 20:50:14.583161096,1000,1070,26,4,mooncake_store,client_service.cpp::BatchGet.Submit,23489
2026-07-22 20:50:14.583185224,1000,1070,26,4,mooncake_store,client_service.cpp::BatchGet.Submit,22919
2026-07-22 20:50:14.583208642,1000,1070,26,4,mooncake_store,client_service.cpp::BatchGet.Submit,22234
2026-07-22 20:50:14.583233634,1000,1070,26,4,mooncake_store,client_service.cpp::BatchGet.Submit,23330
2026-07-22 20:50:14.583255882,1000,1070,26,4,mooncake_store,client_service.cpp::BatchGet.Submit,21272
2026-07-22 20:50:14.583278321,1000,1070,26,4,mooncake_store,client_service.cpp::BatchGet.Submit,21487
2026-07-22 20:50:14.583300430,1000,1070,26,4,mooncake_store,client_service.cpp::BatchGet.Submit,21177
2026-07-22 20:50:14.583323795,1000,1070,26,4,mooncake_store,client_service.cpp::BatchGet.Submit,21762
2026-07-22 20:50:14.583346846,1000,1070,26,4,mooncake_store,client_service.cpp::BatchGet.Submit,22053
2026-07-22 20:50:14.583370295,1000,1070,26,4,mooncake_store,client_service.cpp::BatchGet.Submit,22490
2026-07-22 20:50:14.583393217,1000,1070,26,4,mooncake_store,client_service.cpp::BatchGet.Submit,22049
2026-07-22 20:50:14.583415482,1000,1070,26,4,mooncake_store,client_service.cpp::BatchGet.Submit,21429
2026-07-22 20:50:14.583438302,1000,1070,26,4,mooncake_store,client_service.cpp::BatchGet.Submit,21914
2026-07-22 20:50:14.583460659,1000,1070,26,4,mooncake_store,client_service.cpp::BatchGet.Submit,21435
2026-07-22 20:50:14.782688831,1000,1072,14,4,mooncake_store,client_service.cpp::BatchGet.Wait,1089000
2026-07-22 20:50:14.783693780,1000,1072,14,4,mooncake_store,client_service.cpp::BatchGet.Wait,1002793
2026-07-22 20:50:14.784652296,1000,1072,14,4,mooncake_store,client_service.cpp::BatchGet.Wait,955683
2026-07-22 20:50:14.785709694,1000,1072,14,4,mooncake_store,client_service.cpp::BatchGet.Wait,1055075
2026-07-22 20:50:14.786850871,1000,1081,4,4,mooncake_store,client_service.cpp::BatchGet.Wait,295430220
2026-07-22 20:50:14.788935588,1000,1081,4,4,mooncake_store,client_service.cpp::BatchGet.Wait,2080315
2026-07-22 20:50:14.792235714,1000,1081,4,4,mooncake_store,client_service.cpp::BatchGet.Wait,3297578
2026-07-22 20:50:14.794997065,1000,1081,4,4,mooncake_store,client_service.cpp::BatchGet.Wait,2757473
2026-07-22 20:50:14.796287594,1000,1081,4,4,mooncake_store,client_service.cpp::BatchGet.Wait,1289578
2026-07-22 20:50:14.797536015,1000,1081,4,4,mooncake_store,client_service.cpp::BatchGet.Wait,1247127
2026-07-22 20:50:14.798627957,1000,1081,4,4,mooncake_store,client_service.cpp::BatchGet.Wait,1091055
2026-07-22 20:50:14.799243308,1000,1081,4,4,mooncake_store,client_service.cpp::BatchGet.Wait,615007
2026-07-22 20:50:14.800511819,1000,1081,4,4,mooncake_store,client_service.cpp::BatchGet.Wait,1267430
2026-07-22 20:50:14.800755934,1000,1081,4,4,mooncake_store,client_service.cpp::BatchGet.Wait,243339
2026-07-22 20:50:14.801170613,1000,1081,4,4,mooncake_store,client_service.cpp::BatchGet.Wait,414190
2026-07-22 20:50:14.802231762,1000,1081,4,4,mooncake_store,client_service.cpp::BatchGet.Wait,1060613
2026-07-22 20:50:14.803140550,1000,1081,4,4,mooncake_store,client_service.cpp::BatchGet.Wait,907608
2026-07-22 20:50:14.804115410,1000,1081,4,4,mooncake_store,client_service.cpp::BatchGet.Wait,974001
2026-07-22 20:50:14.805290210,1000,1081,4,4,mooncake_store,client_service.cpp::BatchGet.Wait,1173968
2026-07-22 20:50:14.806517633,1000,1081,4,4,mooncake_store,client_service.cpp::BatchGet.Wait,1226658
2026-07-22 20:50:14.807638573,1000,1082,13,4,mooncake_store,client_service.cpp::BatchGet.Wait,303150895
2026-07-22 20:50:14.808888826,1000,1082,13,4,mooncake_store,client_service.cpp::BatchGet.Wait,1246842
2026-07-22 20:50:14.809251206,1000,1082,13,4,mooncake_store,client_service.cpp::BatchGet.Wait,360846
2026-07-22 20:50:14.809932198,1000,1082,13,4,mooncake_store,client_service.cpp::BatchGet.Wait,680613
2026-07-22 20:50:14.810622486,1000,1082,13,4,mooncake_store,client_service.cpp::BatchGet.Wait,689082
2026-07-22 20:50:14.811375921,1000,1082,13,4,mooncake_store,client_service.cpp::BatchGet.Wait,751782
2026-07-22 20:50:14.812154984,1000,1082,13,4,mooncake_store,client_service.cpp::BatchGet.Wait,778424
2026-07-22 20:50:14.812976198,1000,1082,13,4,mooncake_store,client_service.cpp::BatchGet.Wait,820422
2026-07-22 20:50:14.814392559,1000,1082,13,4,mooncake_store,client_service.cpp::BatchGet.Wait,1416073
2026-07-22 20:50:14.815673802,1000,1082,13,4,mooncake_store,client_service.cpp::BatchGet.Wait,1280127
2026-07-22 20:50:14.817660453,1000,1082,13,4,mooncake_store,client_service.cpp::BatchGet.Wait,1985777
2026-07-22 20:50:14.819098297,1000,1082,13,4,mooncake_store,client_service.cpp::BatchGet.Wait,1435244
2026-07-22 20:50:14.820267485,1000,1082,13,4,mooncake_store,client_service.cpp::BatchGet.Wait,1165835
2026-07-22 20:50:14.821164602,1000,1082,13,4,mooncake_store,client_service.cpp::BatchGet.Wait,894240
2026-07-22 20:50:14.821793933,1000,1082,13,4,mooncake_store,client_service.cpp::BatchGet.Wait,627855
2026-07-22 20:50:14.822308000,1000,1082,13,4,mooncake_store,client_service.cpp::BatchGet.Wait,512384
2026-07-22 20:50:14.822647138,1000,1079,11,4,mooncake_store,client_service.cpp::BatchGet.Wait,300880813
2026-07-22 20:50:14.822750148,1000,1079,11,4,mooncake_store,client_service.cpp::BatchGet.Wait,100652
2026-07-22 20:50:14.823401487,1000,1079,11,4,mooncake_store,client_service.cpp::BatchGet.Wait,651093
2026-07-22 20:50:14.824522087,1000,1079,11,4,mooncake_store,client_service.cpp::BatchGet.Wait,1119790
2026-07-22 20:50:14.825806343,1000,1079,11,4,mooncake_store,client_service.cpp::BatchGet.Wait,1282818
2026-07-22 20:50:14.827389140,1000,1079,11,4,mooncake_store,client_service.cpp::BatchGet.Wait,1581393
2026-07-22 20:50:14.828340053,1000,1079,11,4,mooncake_store,client_service.cpp::BatchGet.Wait,947490
2026-07-22 20:50:14.829257873,1000,1079,11,4,mooncake_store,client_service.cpp::BatchGet.Wait,915064
2026-07-22 20:50:14.830203405,1000,1079,11,4,mooncake_store,client_service.cpp::BatchGet.Wait,942987
2026-07-22 20:50:14.831176482,1000,1079,11,4,mooncake_store,client_service.cpp::BatchGet.Wait,970988
2026-07-22 20:50:14.831973538,1000,1079,11,4,mooncake_store,client_service.cpp::BatchGet.Wait,795494
2026-07-22 20:50:14.833375259,1000,1079,11,4,mooncake_store,client_service.cpp::BatchGet.Wait,1399292
2026-07-22 20:50:14.836571341,1000,1079,11,4,mooncake_store,client_service.cpp::BatchGet.Wait,3194359
2026-07-22 20:50:14.838402416,1000,1079,11,4,mooncake_store,client_service.cpp::BatchGet.Wait,1829808
2026-07-22 20:50:14.839660279,1000,1079,11,4,mooncake_store,client_service.cpp::BatchGet.Wait,1257119
2026-07-22 20:50:14.840148817,1000,1079,11,4,mooncake_store,client_service.cpp::BatchGet.Wait,487605
2026-07-22 20:50:14.840983893,1000,1074,25,4,mooncake_store,client_service.cpp::BatchGet.Wait,302032390
2026-07-22 20:50:14.842462801,1000,1074,25,4,mooncake_store,client_service.cpp::BatchGet.Wait,1474877
2026-07-22 20:50:14.842843597,1000,1074,25,4,mooncake_store,client_service.cpp::BatchGet.Wait,376621
2026-07-22 20:50:14.843484158,1000,1074,25,4,mooncake_store,client_service.cpp::BatchGet.Wait,638009
2026-07-22 20:50:14.844327385,1000,1074,25,4,mooncake_store,client_service.cpp::BatchGet.Wait,842950
2026-07-22 20:50:14.845251527,1000,1074,25,4,mooncake_store,client_service.cpp::BatchGet.Wait,923273
2026-07-22 20:50:14.846632362,1000,1074,25,4,mooncake_store,client_service.cpp::BatchGet.Wait,1379870
2026-07-22 20:50:14.847221625,1000,1074,25,4,mooncake_store,client_service.cpp::BatchGet.Wait,585814
2026-07-22 20:50:14.847550706,1000,1074,25,4,mooncake_store,client_service.cpp::BatchGet.Wait,326048
2026-07-22 20:50:14.847886953,1000,1074,25,4,mooncake_store,client_service.cpp::BatchGet.Wait,335114
2026-07-22 20:50:14.848729601,1000,1074,25,4,mooncake_store,client_service.cpp::BatchGet.Wait,841465
2026-07-22 20:50:14.849451912,1000,1074,25,4,mooncake_store,client_service.cpp::BatchGet.Wait,721127
2026-07-22 20:50:14.850118352,1000,1074,25,4,mooncake_store,client_service.cpp::BatchGet.Wait,663723
2026-07-22 20:50:14.850769837,1000,1074,25,4,mooncake_store,client_service.cpp::BatchGet.Wait,650662
2026-07-22 20:50:14.851402286,1000,1074,25,4,mooncake_store,client_service.cpp::BatchGet.Wait,631705
2026-07-22 20:50:14.851987916,1000,1074,25,4,mooncake_store,client_service.cpp::BatchGet.Wait,585071
2026-07-22 20:50:14.852634298,1000,1078,0,4,mooncake_store,client_service.cpp::BatchGet.Wait,294764872
2026-07-22 20:50:14.853352545,1000,1078,0,4,mooncake_store,client_service.cpp::BatchGet.Wait,715121
2026-07-22 20:50:14.853882609,1000,1078,0,4,mooncake_store,client_service.cpp::BatchGet.Wait,527555
2026-07-22 20:50:14.854332752,1000,1078,0,4,mooncake_store,client_service.cpp::BatchGet.Wait,449465
2026-07-22 20:50:14.854910113,1000,1078,0,4,mooncake_store,client_service.cpp::BatchGet.Wait,576667
2026-07-22 20:50:14.855449572,1000,1078,0,4,mooncake_store,client_service.cpp::BatchGet.Wait,536916
2026-07-22 20:50:14.855855344,1000,1078,0,4,mooncake_store,client_service.cpp::BatchGet.Wait,405057
2026-07-22 20:50:14.856245137,1000,1078,0,4,mooncake_store,client_service.cpp::BatchGet.Wait,387868
2026-07-22 20:50:14.856675038,1000,1078,0,4,mooncake_store,client_service.cpp::BatchGet.Wait,429062
2026-07-22 20:50:14.857079020,1000,1078,0,4,mooncake_store,client_service.cpp::BatchGet.Wait,402602
2026-07-22 20:50:14.857527862,1000,1078,0,4,mooncake_store,client_service.cpp::BatchGet.Wait,448257
2026-07-22 20:50:14.858047334,1000,1078,0,4,mooncake_store,client_service.cpp::BatchGet.Wait,518795
2026-07-22 20:50:14.858308582,1000,1078,0,4,mooncake_store,client_service.cpp::BatchGet.Wait,260577
2026-07-22 20:50:14.858758326,1000,1078,0,4,mooncake_store,client_service.cpp::BatchGet.Wait,448124
2026-07-22 20:50:14.859100175,1000,1078,0,4,mooncake_store,client_service.cpp::BatchGet.Wait,340625
2026-07-22 20:50:14.859678780,1000,1078,0,4,mooncake_store,client_service.cpp::BatchGet.Wait,577979
2026-07-22 20:50:14.859943014,1000,1070,26,4,mooncake_store,client_service.cpp::BatchGet.Wait,276481566
2026-07-22 20:50:14.860164622,1000,1070,26,4,mooncake_store,client_service.cpp::BatchGet.Wait,218897
2026-07-22 20:50:14.860406473,1000,1070,26,4,mooncake_store,client_service.cpp::BatchGet.Wait,241328
2026-07-22 20:50:14.860660954,1000,1070,26,4,mooncake_store,client_service.cpp::BatchGet.Wait,254170
2026-07-22 20:50:14.860866162,1000,1070,26,4,mooncake_store,client_service.cpp::BatchGet.Wait,205007
2026-07-22 20:50:14.861033847,1000,1070,26,4,mooncake_store,client_service.cpp::BatchGet.Wait,166593
2026-07-22 20:50:14.861190069,1000,1070,26,4,mooncake_store,client_service.cpp::BatchGet.Wait,155517
2026-07-22 20:50:14.861314759,1000,1070,26,4,mooncake_store,client_service.cpp::BatchGet.Wait,124313
2026-07-22 20:50:14.861433738,1000,1070,26,4,mooncake_store,client_service.cpp::BatchGet.Wait,118588
2026-07-22 20:50:14.861539973,1000,1070,26,4,mooncake_store,client_service.cpp::BatchGet.Wait,105555
2026-07-22 20:50:14.861628275,1000,1070,26,4,mooncake_store,client_service.cpp::BatchGet.Wait,87641
2026-07-22 20:50:14.861668392,1000,1070,26,4,mooncake_store,client_service.cpp::BatchGet.Wait,39442
2026-07-22 20:50:14.861677667,1000,1070,26,4,mooncake_store,client_service.cpp::BatchGet.Wait,8943
2026-07-22 20:50:14.861776026,1000,1070,26,4,mooncake_store,client_service.cpp::BatchGet.Wait,98014
2026-07-22 20:50:14.861917511,1000,1070,26,4,mooncake_store,client_service.cpp::BatchGet.Wait,140928
2026-07-22 20:50:14.861957648,1000,1070,26,4,mooncake_store,client_service.cpp::BatchGet.Wait,39256
2026-07-22 20:49:48.050041452,1000,919,8,2,mooncake_store,client_service.cpp::Put.TransferPut,1226149
2026-07-22 20:49:48.052457531,1000,919,8,2,mooncake_store,client_service.cpp::Put.TransferPut,1188785
2026-07-22 20:49:48.054799091,1000,919,8,2,mooncake_store,client_service.cpp::Put.TransferPut,1120735
2026-07-22 20:49:48.057246690,1000,919,8,2,mooncake_store,client_service.cpp::Put.TransferPut,1195968
2026-07-22 20:49:48.059981890,1000,919,8,2,mooncake_store,client_service.cpp::Put.TransferPut,1447885
2026-07-22 20:49:48.062434773,1000,919,8,2,mooncake_store,client_service.cpp::Put.TransferPut,1240551
2026-07-22 20:49:48.064983803,1000,919,8,2,mooncake_store,client_service.cpp::Put.TransferPut,1363979
2026-07-22 20:49:48.067513467,1000,919,8,2,mooncake_store,client_service.cpp::Put.TransferPut,1249242
2026-07-22 20:49:48.070075172,1000,919,8,2,mooncake_store,client_service.cpp::Put.TransferPut,1360778
2026-07-22 20:49:48.072439504,1000,919,8,2,mooncake_store,client_service.cpp::Put.TransferPut,1214863
2026-07-22 20:49:48.074803949,1000,919,8,2,mooncake_store,client_service.cpp::Put.TransferPut,1117934
2026-07-22 20:49:48.077121963,1000,919,8,2,mooncake_store,client_service.cpp::Put.TransferPut,1041445
2026-07-22 20:49:48.079563977,1000,919,8,2,mooncake_store,client_service.cpp::Put.TransferPut,1284534
2026-07-22 20:49:48.081901551,1000,919,8,2,mooncake_store,client_service.cpp::Put.TransferPut,1126634
2026-07-22 20:49:48.084423445,1000,919,8,2,mooncake_store,client_service.cpp::Put.TransferPut,1329181
2026-07-22 20:49:48.086956940,1000,919,8,2,mooncake_store,client_service.cpp::Put.TransferPut,1297666
2026-07-22 20:49:48.089572805,1000,919,8,2,mooncake_store,client_service.cpp::Put.TransferPut,1234903
2026-07-22 20:49:48.092058730,1000,919,8,2,mooncake_store,client_service.cpp::Put.TransferPut,1325146
2026-07-22 20:49:48.094437854,1000,919,8,2,mooncake_store,client_service.cpp::Put.TransferPut,1160175
2026-07-22 20:49:48.096778377,1000,919,8,2,mooncake_store,client_service.cpp::Put.TransferPut,1102724
2026-07-22 20:49:48.099142323,1000,919,8,2,mooncake_store,client_service.cpp::Put.TransferPut,1207737
2026-07-22 20:49:48.101346995,1000,919,8,2,mooncake_store,client_service.cpp::Put.TransferPut,1019484
2026-07-22 20:49:48.103585851,1000,919,8,2,mooncake_store,client_service.cpp::Put.TransferPut,1072210
2026-07-22 20:49:48.105983358,1000,919,8,2,mooncake_store,client_service.cpp::Put.TransferPut,1275364
2026-07-22 20:49:48.108289041,1000,919,8,2,mooncake_store,client_service.cpp::Put.TransferPut,1102632
2026-07-22 20:49:48.110538785,1000,919,8,2,mooncake_store,client_service.cpp::Put.TransferPut,1073880
2026-07-22 20:49:48.112758609,1000,919,8,2,mooncake_store,client_service.cpp::Put.TransferPut,1075431
2026-07-22 20:49:48.115114901,1000,919,8,2,mooncake_store,client_service.cpp::Put.TransferPut,1219231
2026-07-22 20:49:48.117763196,1000,919,8,2,mooncake_store,client_service.cpp::Put.TransferPut,1324506
2026-07-22 20:49:48.120302195,1000,919,8,2,mooncake_store,client_service.cpp::Put.TransferPut,1215523
2026-07-22 20:49:48.122808209,1000,919,8,2,mooncake_store,client_service.cpp::Put.TransferPut,1219700
2026-07-22 20:49:48.125273430,1000,919,8,2,mooncake_store,client_service.cpp::Put.TransferPut,1285874
2026-07-22 20:49:48.127605430,1000,919,8,2,mooncake_store,client_service.cpp::Put.TransferPut,1078186
2026-07-22 20:49:48.130128628,1000,919,8,2,mooncake_store,client_service.cpp::Put.TransferPut,1190918
2026-07-22 20:49:48.132469445,1000,919,8,2,mooncake_store,client_service.cpp::Put.TransferPut,1159944
2026-07-22 20:49:48.134894903,1000,919,8,2,mooncake_store,client_service.cpp::Put.TransferPut,1159332
2026-07-22 20:49:48.137313428,1000,919,8,2,mooncake_store,client_service.cpp::Put.TransferPut,1200704
2026-07-22 20:49:48.139672956,1000,919,8,2,mooncake_store,client_service.cpp::Put.TransferPut,1170789
2026-07-22 20:49:48.141880360,1000,919,8,2,mooncake_store,client_service.cpp::Put.TransferPut,972718
2026-07-22 20:49:48.144372372,1000,919,8,2,mooncake_store,client_service.cpp::Put.TransferPut,1288544
2026-07-22 20:49:48.146604086,1000,919,8,2,mooncake_store,client_service.cpp::Put.TransferPut,1015965
2026-07-22 20:49:48.149064194,1000,919,8,2,mooncake_store,client_service.cpp::Put.TransferPut,1302545
2026-07-22 20:49:48.151607393,1000,919,8,2,mooncake_store,client_service.cpp::Put.TransferPut,1215602
2026-07-22 20:49:48.154274258,1000,919,8,2,mooncake_store,client_service.cpp::Put.TransferPut,1375674
2026-07-22 20:49:48.156893407,1000,919,8,2,mooncake_store,client_service.cpp::Put.TransferPut,1395882
2026-07-22 20:49:48.159276164,1000,919,8,2,mooncake_store,client_service.cpp::Put.TransferPut,1167987
2026-07-22 20:49:48.161595494,1000,919,8,2,mooncake_store,client_service.cpp::Put.TransferPut,1102314
2026-07-22 20:49:48.164347031,1000,919,8,2,mooncake_store,client_service.cpp::Put.TransferPut,1449788
2026-07-22 20:49:48.166833860,1000,919,8,2,mooncake_store,client_service.cpp::Put.TransferPut,1274985
2026-07-22 20:49:48.169017457,1000,919,8,2,mooncake_store,client_service.cpp::Put.TransferPut,940002
2026-07-22 20:49:48.171467110,1000,919,8,2,mooncake_store,client_service.cpp::Put.TransferPut,1213001
2026-07-22 20:49:48.173907393,1000,919,8,2,mooncake_store,client_service.cpp::Put.TransferPut,1124156
2026-07-22 20:49:48.176160372,1000,919,8,2,mooncake_store,client_service.cpp::Put.TransferPut,1031085
2026-07-22 20:49:48.178601347,1000,919,8,2,mooncake_store,client_service.cpp::Put.TransferPut,1138769
2026-07-22 20:49:48.180945437,1000,919,8,2,mooncake_store,client_service.cpp::Put.TransferPut,1018640
2026-07-22 20:49:48.183641273,1000,919,8,2,mooncake_store,client_service.cpp::Put.TransferPut,1393034
2026-07-22 20:49:48.186011470,1000,919,8,2,mooncake_store,client_service.cpp::Put.TransferPut,1077839
2026-07-22 20:49:48.188395962,1000,919,8,2,mooncake_store,client_service.cpp::Put.TransferPut,1175107
2026-07-22 20:49:48.190739959,1000,919,8,2,mooncake_store,client_service.cpp::Put.TransferPut,1125732
2026-07-22 20:49:48.192932706,1000,919,8,2,mooncake_store,client_service.cpp::Put.TransferPut,956494
2026-07-22 20:49:48.195520452,1000,919,8,2,mooncake_store,client_service.cpp::Put.TransferPut,1373439
2026-07-22 20:49:48.198017580,1000,919,8,2,mooncake_store,client_service.cpp::Put.TransferPut,1189527
2026-07-22 20:49:48.200520636,1000,919,8,2,mooncake_store,client_service.cpp::Put.TransferPut,1265474
2026-07-22 20:49:48.203244183,1000,919,8,2,mooncake_store,client_service.cpp::Put.TransferPut,1380067
2026-07-22 20:49:48.205560971,1000,919,8,2,mooncake_store,client_service.cpp::Put.TransferPut,1032213
2026-07-22 20:49:48.207947595,1000,919,8,2,mooncake_store,client_service.cpp::Put.TransferPut,1173849
2026-07-22 20:49:48.210221622,1000,919,8,2,mooncake_store,client_service.cpp::Put.TransferPut,1018999
2026-07-22 20:49:48.212857803,1000,919,8,2,mooncake_store,client_service.cpp::Put.TransferPut,1320627
2026-07-22 20:49:48.214986276,1000,919,8,2,mooncake_store,client_service.cpp::Put.TransferPut,945674
2026-07-22 20:49:48.217410140,1000,919,8,2,mooncake_store,client_service.cpp::Put.TransferPut,1174737
2026-07-22 20:49:48.219691413,1000,919,8,2,mooncake_store,client_service.cpp::Put.TransferPut,1057923
2026-07-22 20:49:48.221884232,1000,919,8,2,mooncake_store,client_service.cpp::Put.TransferPut,961360
2026-07-22 20:49:48.224133673,1000,919,8,2,mooncake_store,client_service.cpp::Put.TransferPut,1054375
2026-07-22 20:49:48.226379665,1000,919,8,2,mooncake_store,client_service.cpp::Put.TransferPut,1030242
2026-07-22 20:49:48.228748442,1000,919,8,2,mooncake_store,client_service.cpp::Put.TransferPut,1124833
2026-07-22 20:49:48.230878114,1000,919,8,2,mooncake_store,client_service.cpp::Put.TransferPut,932930
2026-07-22 20:49:48.233060367,1000,919,8,2,mooncake_store,client_service.cpp::Put.TransferPut,1065928
2026-07-22 20:49:48.235322976,1000,919,8,2,mooncake_store,client_service.cpp::Put.TransferPut,1068501
2026-07-22 20:49:48.237536227,1000,919,8,2,mooncake_store,client_service.cpp::Put.TransferPut,1008768
2026-07-22 20:49:48.239846571,1000,919,8,2,mooncake_store,client_service.cpp::Put.TransferPut,1134519
2026-07-22 20:49:48.242317255,1000,919,8,2,mooncake_store,client_service.cpp::Put.TransferPut,1310345
2026-07-22 20:49:48.244697800,1000,919,8,2,mooncake_store,client_service.cpp::Put.TransferPut,1208927
2026-07-22 20:49:48.246966677,1000,919,8,2,mooncake_store,client_service.cpp::Put.TransferPut,1073747
2026-07-22 20:49:48.249234851,1000,919,8,2,mooncake_store,client_service.cpp::Put.TransferPut,1071081
2026-07-22 20:49:48.251473906,1000,919,8,2,mooncake_store,client_service.cpp::Put.TransferPut,1097515
2026-07-22 20:49:48.253830615,1000,919,8,2,mooncake_store,client_service.cpp::Put.TransferPut,1137482
2026-07-22 20:49:48.256275548,1000,919,8,2,mooncake_store,client_service.cpp::Put.TransferPut,1321123
2026-07-22 20:49:48.258597002,1000,919,8,2,mooncake_store,client_service.cpp::Put.TransferPut,1126478
2026-07-22 20:49:48.260797684,1000,919,8,2,mooncake_store,client_service.cpp::Put.TransferPut,1050186
2026-07-22 20:49:48.262859948,1000,919,8,2,mooncake_store,client_service.cpp::Put.TransferPut,924609
2026-07-22 20:49:48.265036701,1000,919,8,2,mooncake_store,client_service.cpp::Put.TransferPut,975809
2026-07-22 20:49:48.267270744,1000,919,8,2,mooncake_store,client_service.cpp::Put.TransferPut,1066974
2026-07-22 20:49:48.269572476,1000,919,8,2,mooncake_store,client_service.cpp::Put.TransferPut,1064283
2026-07-22 20:49:48.271776530,1000,919,8,2,mooncake_store,client_service.cpp::Put.TransferPut,1084095
2026-07-22 20:49:48.273995154,1000,919,8,2,mooncake_store,client_service.cpp::Put.TransferPut,1050160
2026-07-22 20:49:48.276174871,1000,919,8,2,mooncake_store,client_service.cpp::Put.TransferPut,1029983
2026-07-22 20:49:48.278311443,1000,919,8,2,mooncake_store,client_service.cpp::Put.TransferPut,1001430
2026-07-22 20:49:48.280821870,1000,919,8,2,mooncake_store,client_service.cpp::Put.TransferPut,1389336
2026-07-22 20:49:48.283243761,1000,919,8,2,mooncake_store,client_service.cpp::Put.TransferPut,1252170
2026-07-22 20:49:48.285619917,1000,919,8,2,mooncake_store,client_service.cpp::Put.TransferPut,1194522
2026-07-22 20:49:48.048964533,1000,919,8,3,mooncake_store,client_service.cpp::Put.PutStart,148605
2026-07-22 20:49:48.051381042,1000,919,8,3,mooncake_store,client_service.cpp::Put.PutStart,111507
2026-07-22 20:49:48.053758965,1000,919,8,3,mooncake_store,client_service.cpp::Put.PutStart,80015
2026-07-22 20:49:48.056163332,1000,919,8,3,mooncake_store,client_service.cpp::Put.PutStart,111834
2026-07-22 20:49:48.058745214,1000,919,8,3,mooncake_store,client_service.cpp::Put.PutStart,210679
2026-07-22 20:49:48.061334391,1000,919,8,3,mooncake_store,client_service.cpp::Put.PutStart,139238
2026-07-22 20:49:48.063810969,1000,919,8,3,mooncake_store,client_service.cpp::Put.PutStart,190596
2026-07-22 20:49:48.066437330,1000,919,8,3,mooncake_store,client_service.cpp::Put.PutStart,172464
2026-07-22 20:49:48.068915073,1000,919,8,3,mooncake_store,client_service.cpp::Put.PutStart,200025
2026-07-22 20:49:48.071358623,1000,919,8,3,mooncake_store,client_service.cpp::Put.PutStart,133442
2026-07-22 20:49:48.073819580,1000,919,8,3,mooncake_store,client_service.cpp::Put.PutStart,133031
2026-07-22 20:49:48.076171262,1000,919,8,3,mooncake_store,client_service.cpp::Put.PutStart,90001
2026-07-22 20:49:48.078531623,1000,919,8,3,mooncake_store,client_service.cpp::Put.PutStart,251396
2026-07-22 20:49:48.080921661,1000,919,8,3,mooncake_store,client_service.cpp::Put.PutStart,146076
2026-07-22 20:49:48.083245234,1000,919,8,3,mooncake_store,client_service.cpp::Put.PutStart,150346
2026-07-22 20:49:48.085768255,1000,919,8,3,mooncake_store,client_service.cpp::Put.PutStart,108111
2026-07-22 20:49:48.088494217,1000,919,8,3,mooncake_store,client_service.cpp::Put.PutStart,155368
2026-07-22 20:49:48.090955827,1000,919,8,3,mooncake_store,client_service.cpp::Put.PutStart,221884
2026-07-22 20:49:48.093368674,1000,919,8,3,mooncake_store,client_service.cpp::Put.PutStart,90581
2026-07-22 20:49:48.095764665,1000,919,8,3,mooncake_store,client_service.cpp::Put.PutStart,88520
2026-07-22 20:49:48.098071476,1000,919,8,3,mooncake_store,client_service.cpp::Put.PutStart,136494
2026-07-22 20:49:48.100417473,1000,919,8,3,mooncake_store,client_service.cpp::Put.PutStart,89458
2026-07-22 20:49:48.102596790,1000,919,8,3,mooncake_store,client_service.cpp::Put.PutStart,80987
2026-07-22 20:49:48.104865663,1000,919,8,3,mooncake_store,client_service.cpp::Put.PutStart,157065
2026-07-22 20:49:48.107379785,1000,919,8,3,mooncake_store,client_service.cpp::Put.PutStart,193031
2026-07-22 20:49:48.109576472,1000,919,8,3,mooncake_store,client_service.cpp::Put.PutStart,111103
2026-07-22 20:49:48.111858314,1000,919,8,3,mooncake_store,client_service.cpp::Put.PutStart,174823
2026-07-22 20:49:48.114023450,1000,919,8,3,mooncake_store,client_service.cpp::Put.PutStart,127420
2026-07-22 20:49:48.116516759,1000,919,8,3,mooncake_store,client_service.cpp::Put.PutStart,77476
2026-07-22 20:49:48.119232054,1000,919,8,3,mooncake_store,client_service.cpp::Put.PutStart,144682
2026-07-22 20:49:48.121704693,1000,919,8,3,mooncake_store,client_service.cpp::Put.PutStart,115503
2026-07-22 20:49:48.124086939,1000,919,8,3,mooncake_store,client_service.cpp::Put.PutStart,98716
2026-07-22 20:49:48.126619450,1000,919,8,3,mooncake_store,client_service.cpp::Put.PutStart,91635
2026-07-22 20:49:48.129079758,1000,919,8,3,mooncake_store,client_service.cpp::Put.PutStart,141469
2026-07-22 20:49:48.131413614,1000,919,8,3,mooncake_store,client_service.cpp::Put.PutStart,103527
2026-07-22 20:49:48.133830676,1000,919,8,3,mooncake_store,client_service.cpp::Put.PutStart,94490
2026-07-22 20:49:48.136275909,1000,919,8,3,mooncake_store,client_service.cpp::Put.PutStart,162727
2026-07-22 20:49:48.138641585,1000,919,8,3,mooncake_store,client_service.cpp::Put.PutStart,138870
2026-07-22 20:49:48.141003590,1000,919,8,3,mooncake_store,client_service.cpp::Put.PutStart,95135
2026-07-22 20:49:48.143237961,1000,919,8,3,mooncake_store,client_service.cpp::Put.PutStart,153675
2026-07-22 20:49:48.145707409,1000,919,8,3,mooncake_store,client_service.cpp::Put.PutStart,118789
2026-07-22 20:49:48.147888412,1000,919,8,3,mooncake_store,client_service.cpp::Put.PutStart,126367
2026-07-22 20:49:48.150543575,1000,919,8,3,mooncake_store,client_service.cpp::Put.PutStart,150980
2026-07-22 20:49:48.153054759,1000,919,8,3,mooncake_store,client_service.cpp::Put.PutStart,155238
2026-07-22 20:49:48.155618548,1000,919,8,3,mooncake_store,client_service.cpp::Put.PutStart,120518
2026-07-22 20:49:48.158225298,1000,919,8,3,mooncake_store,client_service.cpp::Put.PutStart,116502
2026-07-22 20:49:48.160641769,1000,919,8,3,mooncake_store,client_service.cpp::Put.PutStart,147909
2026-07-22 20:49:48.163111397,1000,919,8,3,mooncake_store,client_service.cpp::Put.PutStart,213398
2026-07-22 20:49:48.165697029,1000,919,8,3,mooncake_store,client_service.cpp::Put.PutStart,137451
2026-07-22 20:49:48.168187209,1000,919,8,3,mooncake_store,client_service.cpp::Put.PutStart,109115
2026-07-22 20:49:48.170357298,1000,919,8,3,mooncake_store,client_service.cpp::Put.PutStart,102572
2026-07-22 20:49:48.172984716,1000,919,8,3,mooncake_store,client_service.cpp::Put.PutStart,200892
2026-07-22 20:49:48.175306895,1000,919,8,3,mooncake_store,client_service.cpp::Put.PutStart,176989
2026-07-22 20:49:48.177579799,1000,919,8,3,mooncake_store,client_service.cpp::Put.PutStart,116649
2026-07-22 20:49:48.180050631,1000,919,8,3,mooncake_store,client_service.cpp::Put.PutStart,123102
2026-07-22 20:49:48.182448306,1000,919,8,3,mooncake_store,client_service.cpp::Put.PutStart,199409
2026-07-22 20:49:48.185048171,1000,919,8,3,mooncake_store,client_service.cpp::Put.PutStart,113982
2026-07-22 20:49:48.187384212,1000,919,8,3,mooncake_store,client_service.cpp::Put.PutStart,162836
2026-07-22 20:49:48.189760995,1000,919,8,3,mooncake_store,client_service.cpp::Put.PutStart,146240
2026-07-22 20:49:48.192045032,1000,919,8,3,mooncake_store,client_service.cpp::Put.PutStart,68271
2026-07-22 20:49:48.194270667,1000,919,8,3,mooncake_store,client_service.cpp::Put.PutStart,123016
2026-07-22 20:49:48.196956049,1000,919,8,3,mooncake_store,client_service.cpp::Put.PutStart,127273
2026-07-22 20:49:48.199423891,1000,919,8,3,mooncake_store,client_service.cpp::Put.PutStart,168210
2026-07-22 20:49:48.202019983,1000,919,8,3,mooncake_store,client_service.cpp::Put.PutStart,154971
2026-07-22 20:49:48.204643010,1000,919,8,3,mooncake_store,client_service.cpp::Put.PutStart,113554
2026-07-22 20:49:48.206931658,1000,919,8,3,mooncake_store,client_service.cpp::Put.PutStart,157381
2026-07-22 20:49:48.209284961,1000,919,8,3,mooncake_store,client_service.cpp::Put.PutStart,81799
2026-07-22 20:49:48.211668483,1000,919,8,3,mooncake_store,client_service.cpp::Put.PutStart,130652
2026-07-22 20:49:48.214123737,1000,919,8,3,mooncake_store,client_service.cpp::Put.PutStart,82600
2026-07-22 20:49:48.216389239,1000,919,8,3,mooncake_store,client_service.cpp::Put.PutStart,153294
2026-07-22 20:49:48.218780264,1000,919,8,3,mooncake_store,client_service.cpp::Put.PutStart,146103
2026-07-22 20:49:48.221020002,1000,919,8,3,mooncake_store,client_service.cpp::Put.PutStart,96662
2026-07-22 20:49:48.223215933,1000,919,8,3,mooncake_store,client_service.cpp::Put.PutStart,135937
2026-07-22 20:49:48.225452238,1000,919,8,3,mooncake_store,client_service.cpp::Put.PutStart,102392
2026-07-22 20:49:48.227719417,1000,919,8,3,mooncake_store,client_service.cpp::Put.PutStart,95306
2026-07-22 20:49:48.230050264,1000,919,8,3,mooncake_store,client_service.cpp::Put.PutStart,104546
2026-07-22 20:49:48.232066659,1000,919,8,3,mooncake_store,client_service.cpp::Put.PutStart,71694
2026-07-22 20:49:48.234355855,1000,919,8,3,mooncake_store,client_service.cpp::Put.PutStart,100904
2026-07-22 20:49:48.236619257,1000,919,8,3,mooncake_store,client_service.cpp::Put.PutStart,91216
2026-07-22 20:49:48.238850815,1000,919,8,3,mooncake_store,client_service.cpp::Put.PutStart,138241
2026-07-22 20:49:48.241135586,1000,919,8,3,mooncake_store,client_service.cpp::Put.PutStart,128268
2026-07-22 20:49:48.243563548,1000,919,8,3,mooncake_store,client_service.cpp::Put.PutStart,74346
2026-07-22 20:49:48.246030610,1000,919,8,3,mooncake_store,client_service.cpp::Put.PutStart,137065
2026-07-22 20:49:48.248220206,1000,919,8,3,mooncake_store,client_service.cpp::Put.PutStart,55947
2026-07-22 20:49:48.250520455,1000,919,8,3,mooncake_store,client_service.cpp::Put.PutStart,143598
2026-07-22 20:49:48.252800827,1000,919,8,3,mooncake_store,client_service.cpp::Put.PutStart,107055
2026-07-22 20:49:48.255141146,1000,919,8,3,mooncake_store,client_service.cpp::Put.PutStart,186239
2026-07-22 20:49:48.257589688,1000,919,8,3,mooncake_store,client_service.cpp::Put.PutStart,118600
2026-07-22 20:49:48.259932253,1000,919,8,3,mooncake_store,client_service.cpp::Put.PutStart,184114
2026-07-22 20:49:48.262035924,1000,919,8,3,mooncake_store,client_service.cpp::Put.PutStart,100027
2026-07-22 20:49:48.264169048,1000,919,8,3,mooncake_store,client_service.cpp::Put.PutStart,107568
2026-07-22 20:49:48.266353710,1000,919,8,3,mooncake_store,client_service.cpp::Put.PutStart,149436
2026-07-22 20:49:48.268577689,1000,919,8,3,mooncake_store,client_service.cpp::Put.PutStart,68824
2026-07-22 20:49:48.270794347,1000,919,8,3,mooncake_store,client_service.cpp::Put.PutStart,101459
2026-07-22 20:49:48.273074109,1000,919,8,3,mooncake_store,client_service.cpp::Put.PutStart,128543
2026-07-22 20:49:48.275302899,1000,919,8,3,mooncake_store,client_service.cpp::Put.PutStart,157482
2026-07-22 20:49:48.277437084,1000,919,8,3,mooncake_store,client_service.cpp::Put.PutStart,126505
2026-07-22 20:49:48.279531778,1000,919,8,3,mooncake_store,client_service.cpp::Put.PutStart,98689
2026-07-22 20:49:48.282125802,1000,919,8,3,mooncake_store,client_service.cpp::Put.PutStart,133515
2026-07-22 20:49:48.284543578,1000,919,8,3,mooncake_store,client_service.cpp::Put.PutStart,117608
2026-07-22 20:49:48.049951962,1000,919,8,3,mooncake_store,client_service.cpp::Put.TransferWrite,985253
2026-07-22 20:49:48.052375756,1000,919,8,3,mooncake_store,client_service.cpp::Put.TransferWrite,993927
2026-07-22 20:49:48.054717773,1000,919,8,3,mooncake_store,client_service.cpp::Put.TransferWrite,958339
2026-07-22 20:49:48.057164722,1000,919,8,3,mooncake_store,client_service.cpp::Put.TransferWrite,1000895
2026-07-22 20:49:48.059821598,1000,919,8,3,mooncake_store,client_service.cpp::Put.TransferWrite,1075546
2026-07-22 20:49:48.062355218,1000,919,8,3,mooncake_store,client_service.cpp::Put.TransferWrite,1020330
2026-07-22 20:49:48.064858959,1000,919,8,3,mooncake_store,client_service.cpp::Put.TransferWrite,1047267
2026-07-22 20:49:48.067410175,1000,919,8,3,mooncake_store,client_service.cpp::Put.TransferWrite,971774
2026-07-22 20:49:48.069963473,1000,919,8,3,mooncake_store,client_service.cpp::Put.TransferWrite,1044672
2026-07-22 20:49:48.072345028,1000,919,8,3,mooncake_store,client_service.cpp::Put.TransferWrite,985742
2026-07-22 20:49:48.074721300,1000,919,8,3,mooncake_store,client_service.cpp::Put.TransferWrite,901277
2026-07-22 20:49:48.077004899,1000,919,8,3,mooncake_store,client_service.cpp::Put.TransferWrite,832837
2026-07-22 20:49:48.079468405,1000,919,8,3,mooncake_store,client_service.cpp::Put.TransferWrite,935888
2026-07-22 20:49:48.081826876,1000,919,8,3,mooncake_store,client_service.cpp::Put.TransferWrite,904613
2026-07-22 20:49:48.084338585,1000,919,8,3,mooncake_store,client_service.cpp::Put.TransferWrite,1092245
2026-07-22 20:49:48.086823611,1000,919,8,3,mooncake_store,client_service.cpp::Put.TransferWrite,1054785
2026-07-22 20:49:48.089501748,1000,919,8,3,mooncake_store,client_service.cpp::Put.TransferWrite,1006793
2026-07-22 20:49:48.091961888,1000,919,8,3,mooncake_store,client_service.cpp::Put.TransferWrite,1004913
2026-07-22 20:49:48.094258006,1000,919,8,3,mooncake_store,client_service.cpp::Put.TransferWrite,888306
2026-07-22 20:49:48.096699662,1000,919,8,3,mooncake_store,client_service.cpp::Put.TransferWrite,934423
2026-07-22 20:49:48.099041336,1000,919,8,3,mooncake_store,client_service.cpp::Put.TransferWrite,968991
2026-07-22 20:49:48.101273434,1000,919,8,3,mooncake_store,client_service.cpp::Put.TransferWrite,855362
2026-07-22 20:49:48.103521434,1000,919,8,3,mooncake_store,client_service.cpp::Put.TransferWrite,924230
2026-07-22 20:49:48.105889431,1000,919,8,3,mooncake_store,client_service.cpp::Put.TransferWrite,1023420
2026-07-22 20:49:48.108232910,1000,919,8,3,mooncake_store,client_service.cpp::Put.TransferWrite,852177
2026-07-22 20:49:48.110476431,1000,919,8,3,mooncake_store,client_service.cpp::Put.TransferWrite,899431
2026-07-22 20:49:48.112688120,1000,919,8,3,mooncake_store,client_service.cpp::Put.TransferWrite,829384
2026-07-22 20:49:48.115049566,1000,919,8,3,mooncake_store,client_service.cpp::Put.TransferWrite,1025482
2026-07-22 20:49:48.117689931,1000,919,8,3,mooncake_store,client_service.cpp::Put.TransferWrite,1172077
2026-07-22 20:49:48.120223320,1000,919,8,3,mooncake_store,client_service.cpp::Put.TransferWrite,990549
2026-07-22 20:49:48.122633749,1000,919,8,3,mooncake_store,client_service.cpp::Put.TransferWrite,928366
2026-07-22 20:49:48.125132754,1000,919,8,3,mooncake_store,client_service.cpp::Put.TransferWrite,1045272
2026-07-22 20:49:48.127534422,1000,919,8,3,mooncake_store,client_service.cpp::Put.TransferWrite,914370
2026-07-22 20:49:48.130045573,1000,919,8,3,mooncake_store,client_service.cpp::Put.TransferWrite,964979
2026-07-22 20:49:48.132392910,1000,919,8,3,mooncake_store,client_service.cpp::Put.TransferWrite,978410
2026-07-22 20:49:48.134818787,1000,919,8,3,mooncake_store,client_service.cpp::Put.TransferWrite,987006
2026-07-22 20:49:48.137235299,1000,919,8,3,mooncake_store,client_service.cpp::Put.TransferWrite,958872
2026-07-22 20:49:48.139610454,1000,919,8,3,mooncake_store,client_service.cpp::Put.TransferWrite,968443
2026-07-22 20:49:48.141823252,1000,919,8,3,mooncake_store,client_service.cpp::Put.TransferWrite,819021
2026-07-22 20:49:48.144245895,1000,919,8,3,mooncake_store,client_service.cpp::Put.TransferWrite,1007293
2026-07-22 20:49:48.146537423,1000,919,8,3,mooncake_store,client_service.cpp::Put.TransferWrite,829347
2026-07-22 20:49:48.148932678,1000,919,8,3,mooncake_store,client_service.cpp::Put.TransferWrite,1043532
2026-07-22 20:49:48.151508415,1000,919,8,3,mooncake_store,client_service.cpp::Put.TransferWrite,963850
2026-07-22 20:49:48.154190048,1000,919,8,3,mooncake_store,client_service.cpp::Put.TransferWrite,1134067
2026-07-22 20:49:48.156807165,1000,919,8,3,mooncake_store,client_service.cpp::Put.TransferWrite,1187530
2026-07-22 20:49:48.159211657,1000,919,8,3,mooncake_store,client_service.cpp::Put.TransferWrite,985648
2026-07-22 20:49:48.161518659,1000,919,8,3,mooncake_store,client_service.cpp::Put.TransferWrite,876162
2026-07-22 20:49:48.164258019,1000,919,8,3,mooncake_store,client_service.cpp::Put.TransferWrite,1145691
2026-07-22 20:49:48.166657542,1000,919,8,3,mooncake_store,client_service.cpp::Put.TransferWrite,959814
2026-07-22 20:49:48.168933974,1000,919,8,3,mooncake_store,client_service.cpp::Put.TransferWrite,745935
2026-07-22 20:49:48.171370308,1000,919,8,3,mooncake_store,client_service.cpp::Put.TransferWrite,1012221
2026-07-22 20:49:48.173811686,1000,919,8,3,mooncake_store,client_service.cpp::Put.TransferWrite,825952
2026-07-22 20:49:48.176092939,1000,919,8,3,mooncake_store,client_service.cpp::Put.TransferWrite,785229
2026-07-22 20:49:48.178512823,1000,919,8,3,mooncake_store,client_service.cpp::Put.TransferWrite,932170
2026-07-22 20:49:48.180867184,1000,919,8,3,mooncake_store,client_service.cpp::Put.TransferWrite,815809
2026-07-22 20:49:48.183528780,1000,919,8,3,mooncake_store,client_service.cpp::Put.TransferWrite,1078710
2026-07-22 20:49:48.185921103,1000,919,8,3,mooncake_store,client_service.cpp::Put.TransferWrite,872224
2026-07-22 20:49:48.188305431,1000,919,8,3,mooncake_store,client_service.cpp::Put.TransferWrite,920293
2026-07-22 20:49:48.190668694,1000,919,8,3,mooncake_store,client_service.cpp::Put.TransferWrite,906910
2026-07-22 20:49:48.192867007,1000,919,8,3,mooncake_store,client_service.cpp::Put.TransferWrite,821389
2026-07-22 20:49:48.195345853,1000,919,8,3,mooncake_store,client_service.cpp::Put.TransferWrite,1074616
2026-07-22 20:49:48.197912250,1000,919,8,3,mooncake_store,client_service.cpp::Put.TransferWrite,955281
2026-07-22 20:49:48.200426752,1000,919,8,3,mooncake_store,client_service.cpp::Put.TransferWrite,1002334
2026-07-22 20:49:48.203160806,1000,919,8,3,mooncake_store,client_service.cpp::Put.TransferWrite,1140037
2026-07-22 20:49:48.205496203,1000,919,8,3,mooncake_store,client_service.cpp::Put.TransferWrite,852514
2026-07-22 20:49:48.207859042,1000,919,8,3,mooncake_store,client_service.cpp::Put.TransferWrite,926579
2026-07-22 20:49:48.210170118,1000,919,8,3,mooncake_store,client_service.cpp::Put.TransferWrite,884486
2026-07-22 20:49:48.212676901,1000,919,8,3,mooncake_store,client_service.cpp::Put.TransferWrite,1007814
2026-07-22 20:49:48.214862997,1000,919,8,3,mooncake_store,client_service.cpp::Put.TransferWrite,738850
2026-07-22 20:49:48.217260081,1000,919,8,3,mooncake_store,client_service.cpp::Put.TransferWrite,870343
2026-07-22 20:49:48.219637725,1000,919,8,3,mooncake_store,client_service.cpp::Put.TransferWrite,856911
2026-07-22 20:49:48.221824984,1000,919,8,3,mooncake_store,client_service.cpp::Put.TransferWrite,804492
2026-07-22 20:49:48.224079995,1000,919,8,3,mooncake_store,client_service.cpp::Put.TransferWrite,863499
2026-07-22 20:49:48.226326480,1000,919,8,3,mooncake_store,client_service.cpp::Put.TransferWrite,873644
2026-07-22 20:49:48.228658077,1000,919,8,3,mooncake_store,client_service.cpp::Put.TransferWrite,937956
2026-07-22 20:49:48.230802709,1000,919,8,3,mooncake_store,client_service.cpp::Put.TransferWrite,751766
2026-07-22 20:49:48.232939303,1000,919,8,3,mooncake_store,client_service.cpp::Put.TransferWrite,871745
2026-07-22 20:49:48.235215050,1000,919,8,3,mooncake_store,client_service.cpp::Put.TransferWrite,858579
2026-07-22 20:49:48.237455107,1000,919,8,3,mooncake_store,client_service.cpp::Put.TransferWrite,835166
2026-07-22 20:49:48.239695512,1000,919,8,3,mooncake_store,client_service.cpp::Put.TransferWrite,844118
2026-07-22 20:49:48.242212766,1000,919,8,3,mooncake_store,client_service.cpp::Put.TransferWrite,1076639
2026-07-22 20:49:48.244602287,1000,919,8,3,mooncake_store,client_service.cpp::Put.TransferWrite,1038052
2026-07-22 20:49:48.246821205,1000,919,8,3,mooncake_store,client_service.cpp::Put.TransferWrite,790058
2026-07-22 20:49:48.249101766,1000,919,8,3,mooncake_store,client_service.cpp::Put.TransferWrite,880965
2026-07-22 20:49:48.251406151,1000,919,8,3,mooncake_store,client_service.cpp::Put.TransferWrite,885084
2026-07-22 20:49:48.253772265,1000,919,8,3,mooncake_store,client_service.cpp::Put.TransferWrite,970802
2026-07-22 20:49:48.256199018,1000,919,8,3,mooncake_store,client_service.cpp::Put.TransferWrite,1057339
2026-07-22 20:49:48.258523512,1000,919,8,3,mooncake_store,client_service.cpp::Put.TransferWrite,933148
2026-07-22 20:49:48.260735444,1000,919,8,3,mooncake_store,client_service.cpp::Put.TransferWrite,802542
2026-07-22 20:49:48.262778440,1000,919,8,3,mooncake_store,client_service.cpp::Put.TransferWrite,741821
2026-07-22 20:49:48.264962685,1000,919,8,3,mooncake_store,client_service.cpp::Put.TransferWrite,793010
2026-07-22 20:49:48.267189861,1000,919,8,3,mooncake_store,client_service.cpp::Put.TransferWrite,835334
2026-07-22 20:49:48.269453904,1000,919,8,3,mooncake_store,client_service.cpp::Put.TransferWrite,875680
2026-07-22 20:49:48.271681248,1000,919,8,3,mooncake_store,client_service.cpp::Put.TransferWrite,886286
2026-07-22 20:49:48.273906502,1000,919,8,3,mooncake_store,client_service.cpp::Put.TransferWrite,831592
2026-07-22 20:49:48.276119262,1000,919,8,3,mooncake_store,client_service.cpp::Put.TransferWrite,815685
2026-07-22 20:49:48.278250122,1000,919,8,3,mooncake_store,client_service.cpp::Put.TransferWrite,812331
2026-07-22 20:49:48.280723143,1000,919,8,3,mooncake_store,client_service.cpp::Put.TransferWrite,1190840
2026-07-22 20:49:48.283147596,1000,919,8,3,mooncake_store,client_service.cpp::Put.TransferWrite,1021367
2026-07-22 20:49:48.285493361,1000,919,8,3,mooncake_store,client_service.cpp::Put.TransferWrite,949036
2026-07-22 20:49:48.050041175,1000,919,8,3,mooncake_store,client_service.cpp::Put.PutEnd,88899
2026-07-22 20:49:48.052456945,1000,919,8,3,mooncake_store,client_service.cpp::Put.PutEnd,80405
2026-07-22 20:49:48.054798666,1000,919,8,3,mooncake_store,client_service.cpp::Put.PutEnd,80312
2026-07-22 20:49:48.057246267,1000,919,8,3,mooncake_store,client_service.cpp::Put.PutEnd,81063
2026-07-22 20:49:48.059981079,1000,919,8,3,mooncake_store,client_service.cpp::Put.PutEnd,158647
2026-07-22 20:49:48.062434540,1000,919,8,3,mooncake_store,client_service.cpp::Put.PutEnd,78803
2026-07-22 20:49:48.064983618,1000,919,8,3,mooncake_store,client_service.cpp::Put.PutEnd,124009
2026-07-22 20:49:48.067513243,1000,919,8,3,mooncake_store,client_service.cpp::Put.PutEnd,102464
2026-07-22 20:49:48.070074758,1000,919,8,3,mooncake_store,client_service.cpp::Put.PutEnd,110716
2026-07-22 20:49:48.072439008,1000,919,8,3,mooncake_store,client_service.cpp::Put.PutEnd,93333
2026-07-22 20:49:48.074803764,1000,919,8,3,mooncake_store,client_service.cpp::Put.PutEnd,81919
2026-07-22 20:49:48.077121512,1000,919,8,3,mooncake_store,client_service.cpp::Put.PutEnd,116065
2026-07-22 20:49:48.079563534,1000,919,8,3,mooncake_store,client_service.cpp::Put.PutEnd,94624
2026-07-22 20:49:48.081901271,1000,919,8,3,mooncake_store,client_service.cpp::Put.PutEnd,73852
2026-07-22 20:49:48.084423003,1000,919,8,3,mooncake_store,client_service.cpp::Put.PutEnd,83585
2026-07-22 20:49:48.086956393,1000,919,8,3,mooncake_store,client_service.cpp::Put.PutEnd,131295
2026-07-22 20:49:48.089572389,1000,919,8,3,mooncake_store,client_service.cpp::Put.PutEnd,70019
2026-07-22 20:49:48.092058303,1000,919,8,3,mooncake_store,client_service.cpp::Put.PutEnd,96037
2026-07-22 20:49:48.094436938,1000,919,8,3,mooncake_store,client_service.cpp::Put.PutEnd,177837
2026-07-22 20:49:48.096777963,1000,919,8,3,mooncake_store,client_service.cpp::Put.PutEnd,77997
2026-07-22 20:49:48.099142134,1000,919,8,3,mooncake_store,client_service.cpp::Put.PutEnd,100359
2026-07-22 20:49:48.101346599,1000,919,8,3,mooncake_store,client_service.cpp::Put.PutEnd,72856
2026-07-22 20:49:48.103585439,1000,919,8,3,mooncake_store,client_service.cpp::Put.PutEnd,63773
2026-07-22 20:49:48.105982894,1000,919,8,3,mooncake_store,client_service.cpp::Put.PutEnd,93206
2026-07-22 20:49:48.108288370,1000,919,8,3,mooncake_store,client_service.cpp::Put.PutEnd,55140
2026-07-22 20:49:48.110538374,1000,919,8,3,mooncake_store,client_service.cpp::Put.PutEnd,61602
2026-07-22 20:49:48.112758190,1000,919,8,3,mooncake_store,client_service.cpp::Put.PutEnd,69873
2026-07-22 20:49:48.115114684,1000,919,8,3,mooncake_store,client_service.cpp::Put.PutEnd,64653
2026-07-22 20:49:48.117762950,1000,919,8,3,mooncake_store,client_service.cpp::Put.PutEnd,72605
2026-07-22 20:49:48.120301405,1000,919,8,3,mooncake_store,client_service.cpp::Put.PutEnd,77599
2026-07-22 20:49:48.122807394,1000,919,8,3,mooncake_store,client_service.cpp::Put.PutEnd,173062
2026-07-22 20:49:48.125272937,1000,919,8,3,mooncake_store,client_service.cpp::Put.PutEnd,139722
2026-07-22 20:49:48.127605208,1000,919,8,3,mooncake_store,client_service.cpp::Put.PutEnd,70317
2026-07-22 20:49:48.130128137,1000,919,8,3,mooncake_store,client_service.cpp::Put.PutEnd,81965
2026-07-22 20:49:48.132469024,1000,919,8,3,mooncake_store,client_service.cpp::Put.PutEnd,75552
2026-07-22 20:49:48.134894470,1000,919,8,3,mooncake_store,client_service.cpp::Put.PutEnd,75074
2026-07-22 20:49:48.137312997,1000,919,8,3,mooncake_store,client_service.cpp::Put.PutEnd,77295
2026-07-22 20:49:48.139672561,1000,919,8,3,mooncake_store,client_service.cpp::Put.PutEnd,61659
2026-07-22 20:49:48.141880153,1000,919,8,3,mooncake_store,client_service.cpp::Put.PutEnd,56244
2026-07-22 20:49:48.144372032,1000,919,8,3,mooncake_store,client_service.cpp::Put.PutEnd,125440
2026-07-22 20:49:48.146603689,1000,919,8,3,mooncake_store,client_service.cpp::Put.PutEnd,65930
2026-07-22 20:49:48.149063695,1000,919,8,3,mooncake_store,client_service.cpp::Put.PutEnd,130398
2026-07-22 20:49:48.151607022,1000,919,8,3,mooncake_store,client_service.cpp::Put.PutEnd,97855
2026-07-22 20:49:48.154273974,1000,919,8,3,mooncake_store,client_service.cpp::Put.PutEnd,83333
2026-07-22 20:49:48.156892853,1000,919,8,3,mooncake_store,client_service.cpp::Put.PutEnd,84803
2026-07-22 20:49:48.159275749,1000,919,8,3,mooncake_store,client_service.cpp::Put.PutEnd,63165
2026-07-22 20:49:48.161595053,1000,919,8,3,mooncake_store,client_service.cpp::Put.PutEnd,75671
2026-07-22 20:49:48.164346815,1000,919,8,3,mooncake_store,client_service.cpp::Put.PutEnd,88240
2026-07-22 20:49:48.166833454,1000,919,8,3,mooncake_store,client_service.cpp::Put.PutEnd,175370
2026-07-22 20:49:48.169016986,1000,919,8,3,mooncake_store,client_service.cpp::Put.PutEnd,82296
2026-07-22 20:49:48.171466592,1000,919,8,3,mooncake_store,client_service.cpp::Put.PutEnd,95756
2026-07-22 20:49:48.173906819,1000,919,8,3,mooncake_store,client_service.cpp::Put.PutEnd,94621
2026-07-22 20:49:48.176160076,1000,919,8,3,mooncake_store,client_service.cpp::Put.PutEnd,66443
2026-07-22 20:49:48.178601039,1000,919,8,3,mooncake_store,client_service.cpp::Put.PutEnd,87713
2026-07-22 20:49:48.180945170,1000,919,8,3,mooncake_store,client_service.cpp::Put.PutEnd,77589
2026-07-22 20:49:48.183640517,1000,919,8,3,mooncake_store,client_service.cpp::Put.PutEnd,111086
2026-07-22 20:49:48.186011063,1000,919,8,3,mooncake_store,client_service.cpp::Put.PutEnd,89314
2026-07-22 20:49:48.188395370,1000,919,8,3,mooncake_store,client_service.cpp::Put.PutEnd,89420
2026-07-22 20:49:48.190739739,1000,919,8,3,mooncake_store,client_service.cpp::Put.PutEnd,70629
2026-07-22 20:49:48.192932496,1000,919,8,3,mooncake_store,client_service.cpp::Put.PutEnd,65097
2026-07-22 20:49:48.195519675,1000,919,8,3,mooncake_store,client_service.cpp::Put.PutEnd,173336
2026-07-22 20:49:48.198017384,1000,919,8,3,mooncake_store,client_service.cpp::Put.PutEnd,104489
2026-07-22 20:49:48.200519845,1000,919,8,3,mooncake_store,client_service.cpp::Put.PutEnd,92414
2026-07-22 20:49:48.203243947,1000,919,8,3,mooncake_store,client_service.cpp::Put.PutEnd,82380
2026-07-22 20:49:48.205560601,1000,919,8,3,mooncake_store,client_service.cpp::Put.PutEnd,63850
2026-07-22 20:49:48.207947158,1000,919,8,3,mooncake_store,client_service.cpp::Put.PutEnd,87476
2026-07-22 20:49:48.210221393,1000,919,8,3,mooncake_store,client_service.cpp::Put.PutEnd,50697
2026-07-22 20:49:48.212855038,1000,919,8,3,mooncake_store,client_service.cpp::Put.PutEnd,177609
2026-07-22 20:49:48.214985704,1000,919,8,3,mooncake_store,client_service.cpp::Put.PutEnd,122222
2026-07-22 20:49:48.217409787,1000,919,8,3,mooncake_store,client_service.cpp::Put.PutEnd,149352
2026-07-22 20:49:48.219690883,1000,919,8,3,mooncake_store,client_service.cpp::Put.PutEnd,52812
2026-07-22 20:49:48.221883640,1000,919,8,3,mooncake_store,client_service.cpp::Put.PutEnd,58238
2026-07-22 20:49:48.224133385,1000,919,8,3,mooncake_store,client_service.cpp::Put.PutEnd,53036
2026-07-22 20:49:48.226379271,1000,919,8,3,mooncake_store,client_service.cpp::Put.PutEnd,52500
2026-07-22 20:49:48.228747963,1000,919,8,3,mooncake_store,client_service.cpp::Put.PutEnd,89445
2026-07-22 20:49:48.230877715,1000,919,8,3,mooncake_store,client_service.cpp::Put.PutEnd,74500
2026-07-22 20:49:48.233059793,1000,919,8,3,mooncake_store,client_service.cpp::Put.PutEnd,120131
2026-07-22 20:49:48.235322766,1000,919,8,3,mooncake_store,client_service.cpp::Put.PutEnd,107364
2026-07-22 20:49:48.237535773,1000,919,8,3,mooncake_store,client_service.cpp::Put.PutEnd,80305
2026-07-22 20:49:48.239846139,1000,919,8,3,mooncake_store,client_service.cpp::Put.PutEnd,150173
2026-07-22 20:49:48.242317005,1000,919,8,3,mooncake_store,client_service.cpp::Put.PutEnd,103888
2026-07-22 20:49:48.244697591,1000,919,8,3,mooncake_store,client_service.cpp::Put.PutEnd,94947
2026-07-22 20:49:48.246966379,1000,919,8,3,mooncake_store,client_service.cpp::Put.PutEnd,144721
2026-07-22 20:49:48.249234485,1000,919,8,3,mooncake_store,client_service.cpp::Put.PutEnd,132338
2026-07-22 20:49:48.251473343,1000,919,8,3,mooncake_store,client_service.cpp::Put.PutEnd,66863
2026-07-22 20:49:48.253830180,1000,919,8,3,mooncake_store,client_service.cpp::Put.PutEnd,57577
2026-07-22 20:49:48.256275349,1000,919,8,3,mooncake_store,client_service.cpp::Put.PutEnd,76054
2026-07-22 20:49:48.258596588,1000,919,8,3,mooncake_store,client_service.cpp::Put.PutEnd,72523
2026-07-22 20:49:48.260797514,1000,919,8,3,mooncake_store,client_service.cpp::Put.PutEnd,61702
2026-07-22 20:49:48.262859528,1000,919,8,3,mooncake_store,client_service.cpp::Put.PutEnd,80548
2026-07-22 20:49:48.265036256,1000,919,8,3,mooncake_store,client_service.cpp::Put.PutEnd,73207
2026-07-22 20:49:48.267270319,1000,919,8,3,mooncake_store,client_service.cpp::Put.PutEnd,79951
2026-07-22 20:49:48.269571894,1000,919,8,3,mooncake_store,client_service.cpp::Put.PutEnd,117688
2026-07-22 20:49:48.271776366,1000,919,8,3,mooncake_store,client_service.cpp::Put.PutEnd,94831
2026-07-22 20:49:48.273994740,1000,919,8,3,mooncake_store,client_service.cpp::Put.PutEnd,87828
2026-07-22 20:49:48.276174678,1000,919,8,3,mooncake_store,client_service.cpp::Put.PutEnd,55022
2026-07-22 20:49:48.278311215,1000,919,8,3,mooncake_store,client_service.cpp::Put.PutEnd,60753
2026-07-22 20:49:48.280821354,1000,919,8,3,mooncake_store,client_service.cpp::Put.PutEnd,97535
2026-07-22 20:49:48.283243152,1000,919,8,3,mooncake_store,client_service.cpp::Put.PutEnd,95236
2026-07-22 20:49:48.285619298,1000,919,8,3,mooncake_store,client_service.cpp::Put.PutEnd,125583
2026-07-22 20:49:48.049951369,1000,919,8,3,mooncake_store,client_service.cpp::TransferData.TransferData[W],984212
2026-07-22 20:49:48.052375036,1000,919,8,3,mooncake_store,client_service.cpp::TransferData.TransferData[W],992997
2026-07-22 20:49:48.054717016,1000,919,8,3,mooncake_store,client_service.cpp::TransferData.TransferData[W],957522
2026-07-22 20:49:48.057164324,1000,919,8,3,mooncake_store,client_service.cpp::TransferData.TransferData[W],1000402
2026-07-22 20:49:48.059821051,1000,919,8,3,mooncake_store,client_service.cpp::TransferData.TransferData[W],1074827
2026-07-22 20:49:48.062354402,1000,919,8,3,mooncake_store,client_service.cpp::TransferData.TransferData[W],1019430
2026-07-22 20:49:48.064858307,1000,919,8,3,mooncake_store,client_service.cpp::TransferData.TransferData[W],1046434
2026-07-22 20:49:48.067409701,1000,919,8,3,mooncake_store,client_service.cpp::TransferData.TransferData[W],971181
2026-07-22 20:49:48.069963049,1000,919,8,3,mooncake_store,client_service.cpp::TransferData.TransferData[W],1043850
2026-07-22 20:49:48.072344414,1000,919,8,3,mooncake_store,client_service.cpp::TransferData.TransferData[W],985019
2026-07-22 20:49:48.074720750,1000,919,8,3,mooncake_store,client_service.cpp::TransferData.TransferData[W],900641
2026-07-22 20:49:48.077004140,1000,919,8,3,mooncake_store,client_service.cpp::TransferData.TransferData[W],831977
2026-07-22 20:49:48.079467588,1000,919,8,3,mooncake_store,client_service.cpp::TransferData.TransferData[W],934995
2026-07-22 20:49:48.081826276,1000,919,8,3,mooncake_store,client_service.cpp::TransferData.TransferData[W],903896
2026-07-22 20:49:48.084337910,1000,919,8,3,mooncake_store,client_service.cpp::TransferData.TransferData[W],1091379
2026-07-22 20:49:48.086822610,1000,919,8,3,mooncake_store,client_service.cpp::TransferData.TransferData[W],1053687
2026-07-22 20:49:48.089501080,1000,919,8,3,mooncake_store,client_service.cpp::TransferData.TransferData[W],1005928
2026-07-22 20:49:48.091961417,1000,919,8,3,mooncake_store,client_service.cpp::TransferData.TransferData[W],1004316
2026-07-22 20:49:48.094257328,1000,919,8,3,mooncake_store,client_service.cpp::TransferData.TransferData[W],887497
2026-07-22 20:49:48.096699160,1000,919,8,3,mooncake_store,client_service.cpp::TransferData.TransferData[W],933836
2026-07-22 20:49:48.099040885,1000,919,8,3,mooncake_store,client_service.cpp::TransferData.TransferData[W],968331
2026-07-22 20:49:48.101272913,1000,919,8,3,mooncake_store,client_service.cpp::TransferData.TransferData[W],854738
2026-07-22 20:49:48.103521075,1000,919,8,3,mooncake_store,client_service.cpp::TransferData.TransferData[W],923789
2026-07-22 20:49:48.105889001,1000,919,8,3,mooncake_store,client_service.cpp::TransferData.TransferData[W],1022927
2026-07-22 20:49:48.108232384,1000,919,8,3,mooncake_store,client_service.cpp::TransferData.TransferData[W],851449
2026-07-22 20:49:48.110475975,1000,919,8,3,mooncake_store,client_service.cpp::TransferData.TransferData[W],898854
2026-07-22 20:49:48.112687727,1000,919,8,3,mooncake_store,client_service.cpp::TransferData.TransferData[W],828930
2026-07-22 20:49:48.115049020,1000,919,8,3,mooncake_store,client_service.cpp::TransferData.TransferData[W],1024758
2026-07-22 20:49:48.117689213,1000,919,8,3,mooncake_store,client_service.cpp::TransferData.TransferData[W],1171252
2026-07-22 20:49:48.120222748,1000,919,8,3,mooncake_store,client_service.cpp::TransferData.TransferData[W],989849
2026-07-22 20:49:48.122633269,1000,919,8,3,mooncake_store,client_service.cpp::TransferData.TransferData[W],927794
2026-07-22 20:49:48.125132355,1000,919,8,3,mooncake_store,client_service.cpp::TransferData.TransferData[W],1044755
2026-07-22 20:49:48.127533899,1000,919,8,3,mooncake_store,client_service.cpp::TransferData.TransferData[W],913771
2026-07-22 20:49:48.130044998,1000,919,8,3,mooncake_store,client_service.cpp::TransferData.TransferData[W],964274
2026-07-22 20:49:48.132392202,1000,919,8,3,mooncake_store,client_service.cpp::TransferData.TransferData[W],977624
2026-07-22 20:49:48.134818217,1000,919,8,3,mooncake_store,client_service.cpp::TransferData.TransferData[W],986296
2026-07-22 20:49:48.137234818,1000,919,8,3,mooncake_store,client_service.cpp::TransferData.TransferData[W],958337
2026-07-22 20:49:48.139609918,1000,919,8,3,mooncake_store,client_service.cpp::TransferData.TransferData[W],967833
2026-07-22 20:49:48.141822710,1000,919,8,3,mooncake_store,client_service.cpp::TransferData.TransferData[W],818332
2026-07-22 20:49:48.144245271,1000,919,8,3,mooncake_store,client_service.cpp::TransferData.TransferData[W],1006550
2026-07-22 20:49:48.146537001,1000,919,8,3,mooncake_store,client_service.cpp::TransferData.TransferData[W],828828
2026-07-22 20:49:48.148932204,1000,919,8,3,mooncake_store,client_service.cpp::TransferData.TransferData[W],1042878
2026-07-22 20:49:48.151507539,1000,919,8,3,mooncake_store,client_service.cpp::TransferData.TransferData[W],962803
2026-07-22 20:49:48.154189354,1000,919,8,3,mooncake_store,client_service.cpp::TransferData.TransferData[W],1133219
2026-07-22 20:49:48.156806486,1000,919,8,3,mooncake_store,client_service.cpp::TransferData.TransferData[W],1186667
2026-07-22 20:49:48.159211220,1000,919,8,3,mooncake_store,client_service.cpp::TransferData.TransferData[W],985092
2026-07-22 20:49:48.161518240,1000,919,8,3,mooncake_store,client_service.cpp::TransferData.TransferData[W],875558
2026-07-22 20:49:48.164257558,1000,919,8,3,mooncake_store,client_service.cpp::TransferData.TransferData[W],1145137
2026-07-22 20:49:48.166657111,1000,919,8,3,mooncake_store,client_service.cpp::TransferData.TransferData[W],959266
2026-07-22 20:49:48.168933516,1000,919,8,3,mooncake_store,client_service.cpp::TransferData.TransferData[W],745338
2026-07-22 20:49:48.171369642,1000,919,8,3,mooncake_store,client_service.cpp::TransferData.TransferData[W],1011426
2026-07-22 20:49:48.173811229,1000,919,8,3,mooncake_store,client_service.cpp::TransferData.TransferData[W],825367
2026-07-22 20:49:48.176092453,1000,919,8,3,mooncake_store,client_service.cpp::TransferData.TransferData[W],784614
2026-07-22 20:49:48.178512250,1000,919,8,3,mooncake_store,client_service.cpp::TransferData.TransferData[W],931485
2026-07-22 20:49:48.180866758,1000,919,8,3,mooncake_store,client_service.cpp::TransferData.TransferData[W],815257
2026-07-22 20:49:48.183527853,1000,919,8,3,mooncake_store,client_service.cpp::TransferData.TransferData[W],1077642
2026-07-22 20:49:48.185920528,1000,919,8,3,mooncake_store,client_service.cpp::TransferData.TransferData[W],871542
2026-07-22 20:49:48.188304921,1000,919,8,3,mooncake_store,client_service.cpp::TransferData.TransferData[W],919654
2026-07-22 20:49:48.190668243,1000,919,8,3,mooncake_store,client_service.cpp::TransferData.TransferData[W],906312
2026-07-22 20:49:48.192866623,1000,919,8,3,mooncake_store,client_service.cpp::TransferData.TransferData[W],820893
2026-07-22 20:49:48.195345485,1000,919,8,3,mooncake_store,client_service.cpp::TransferData.TransferData[W],1074140
2026-07-22 20:49:48.197911677,1000,919,8,3,mooncake_store,client_service.cpp::TransferData.TransferData[W],954604
2026-07-22 20:49:48.200426034,1000,919,8,3,mooncake_store,client_service.cpp::TransferData.TransferData[W],1001490
2026-07-22 20:49:48.203160347,1000,919,8,3,mooncake_store,client_service.cpp::TransferData.TransferData[W],1139403
2026-07-22 20:49:48.205495675,1000,919,8,3,mooncake_store,client_service.cpp::TransferData.TransferData[W],851853
2026-07-22 20:49:48.207858568,1000,919,8,3,mooncake_store,client_service.cpp::TransferData.TransferData[W],926020
2026-07-22 20:49:48.210169729,1000,919,8,3,mooncake_store,client_service.cpp::TransferData.TransferData[W],884000
2026-07-22 20:49:48.212676448,1000,919,8,3,mooncake_store,client_service.cpp::TransferData.TransferData[W],1007263
2026-07-22 20:49:48.214862479,1000,919,8,3,mooncake_store,client_service.cpp::TransferData.TransferData[W],738247
2026-07-22 20:49:48.217259692,1000,919,8,3,mooncake_store,client_service.cpp::TransferData.TransferData[W],869848
2026-07-22 20:49:48.219637315,1000,919,8,3,mooncake_store,client_service.cpp::TransferData.TransferData[W],856399
2026-07-22 20:49:48.221824602,1000,919,8,3,mooncake_store,client_service.cpp::TransferData.TransferData[W],804014
2026-07-22 20:49:48.224079566,1000,919,8,3,mooncake_store,client_service.cpp::TransferData.TransferData[W],862975
2026-07-22 20:49:48.226326101,1000,919,8,3,mooncake_store,client_service.cpp::TransferData.TransferData[W],873169
2026-07-22 20:49:48.228657495,1000,919,8,3,mooncake_store,client_service.cpp::TransferData.TransferData[W],937208
2026-07-22 20:49:48.230802120,1000,919,8,3,mooncake_store,client_service.cpp::TransferData.TransferData[W],751087
2026-07-22 20:49:48.232938875,1000,919,8,3,mooncake_store,client_service.cpp::TransferData.TransferData[W],871224
2026-07-22 20:49:48.235213691,1000,919,8,3,mooncake_store,client_service.cpp::TransferData.TransferData[W],857117
2026-07-22 20:49:48.237454678,1000,919,8,3,mooncake_store,client_service.cpp::TransferData.TransferData[W],834611
2026-07-22 20:49:48.239695086,1000,919,8,3,mooncake_store,client_service.cpp::TransferData.TransferData[W],843592
2026-07-22 20:49:48.242212353,1000,919,8,3,mooncake_store,client_service.cpp::TransferData.TransferData[W],1076136
2026-07-22 20:49:48.244597334,1000,919,8,3,mooncake_store,client_service.cpp::TransferData.TransferData[W],1033017
2026-07-22 20:49:48.246820765,1000,919,8,3,mooncake_store,client_service.cpp::TransferData.TransferData[W],789463
2026-07-22 20:49:48.249101373,1000,919,8,3,mooncake_store,client_service.cpp::TransferData.TransferData[W],880461
2026-07-22 20:49:48.251405719,1000,919,8,3,mooncake_store,client_service.cpp::TransferData.TransferData[W],884542
2026-07-22 20:49:48.253771820,1000,919,8,3,mooncake_store,client_service.cpp::TransferData.TransferData[W],970244
2026-07-22 20:49:48.256198568,1000,919,8,3,mooncake_store,client_service.cpp::TransferData.TransferData[W],1056796
2026-07-22 20:49:48.258523076,1000,919,8,3,mooncake_store,client_service.cpp::TransferData.TransferData[W],932527
2026-07-22 20:49:48.260734733,1000,919,8,3,mooncake_store,client_service.cpp::TransferData.TransferData[W],801758
2026-07-22 20:49:48.262778026,1000,919,8,3,mooncake_store,client_service.cpp::TransferData.TransferData[W],741288
2026-07-22 20:49:48.264962222,1000,919,8,3,mooncake_store,client_service.cpp::TransferData.TransferData[W],792458
2026-07-22 20:49:48.267189309,1000,919,8,3,mooncake_store,client_service.cpp::TransferData.TransferData[W],834664
2026-07-22 20:49:48.269453535,1000,919,8,3,mooncake_store,client_service.cpp::TransferData.TransferData[W],875212
2026-07-22 20:49:48.271680802,1000,919,8,3,mooncake_store,client_service.cpp::TransferData.TransferData[W],885739
2026-07-22 20:49:48.273905917,1000,919,8,3,mooncake_store,client_service.cpp::TransferData.TransferData[W],830926
2026-07-22 20:49:48.276118715,1000,919,8,3,mooncake_store,client_service.cpp::TransferData.TransferData[W],815034
2026-07-22 20:49:48.278249539,1000,919,8,3,mooncake_store,client_service.cpp::TransferData.TransferData[W],811668
2026-07-22 20:49:48.280722325,1000,919,8,3,mooncake_store,client_service.cpp::TransferData.TransferData[W],1189928
2026-07-22 20:49:48.283146927,1000,919,8,3,mooncake_store,client_service.cpp::TransferData.TransferData[W],1020631
2026-07-22 20:49:48.285493003,1000,919,8,3,mooncake_store,client_service.cpp::TransferData.TransferData[W],948530
2026-07-22 20:49:48.049039912,1000,919,8,4,mooncake_store,client_service.cpp::TransferData.Submit[W],72474
2026-07-22 20:49:48.051460745,1000,919,8,4,mooncake_store,client_service.cpp::TransferData.Submit[W],78654
2026-07-22 20:49:48.053804283,1000,919,8,4,mooncake_store,client_service.cpp::TransferData.Submit[W],44748
2026-07-22 20:49:48.056230806,1000,919,8,4,mooncake_store,client_service.cpp::TransferData.Submit[W],66840
2026-07-22 20:49:48.058842807,1000,919,8,4,mooncake_store,client_service.cpp::TransferData.Submit[W],96545
2026-07-22 20:49:48.061392775,1000,919,8,4,mooncake_store,client_service.cpp::TransferData.Submit[W],57612
2026-07-22 20:49:48.063883480,1000,919,8,4,mooncake_store,client_service.cpp::TransferData.Submit[W],71566
2026-07-22 20:49:48.066588216,1000,919,8,4,mooncake_store,client_service.cpp::TransferData.Submit[W],149653
2026-07-22 20:49:48.068991414,1000,919,8,4,mooncake_store,client_service.cpp::TransferData.Submit[W],71971
2026-07-22 20:49:48.071396747,1000,919,8,4,mooncake_store,client_service.cpp::TransferData.Submit[W],37314
2026-07-22 20:49:48.073857565,1000,919,8,4,mooncake_store,client_service.cpp::TransferData.Submit[W],37404
2026-07-22 20:49:48.076238864,1000,919,8,4,mooncake_store,client_service.cpp::TransferData.Submit[W],66665
2026-07-22 20:49:48.078591898,1000,919,8,4,mooncake_store,client_service.cpp::TransferData.Submit[W],59257
2026-07-22 20:49:48.080983860,1000,919,8,4,mooncake_store,client_service.cpp::TransferData.Submit[W],61439
2026-07-22 20:49:48.083335388,1000,919,8,4,mooncake_store,client_service.cpp::TransferData.Submit[W],88820
2026-07-22 20:49:48.085839208,1000,919,8,4,mooncake_store,client_service.cpp::TransferData.Submit[W],70242
2026-07-22 20:49:48.088574676,1000,919,8,4,mooncake_store,client_service.cpp::TransferData.Submit[W],79480
2026-07-22 20:49:48.091007289,1000,919,8,4,mooncake_store,client_service.cpp::TransferData.Submit[W],50144
2026-07-22 20:49:48.093461078,1000,919,8,4,mooncake_store,client_service.cpp::TransferData.Submit[W],91208
2026-07-22 20:49:48.095835388,1000,919,8,4,mooncake_store,client_service.cpp::TransferData.Submit[W],70010
2026-07-22 20:49:48.098154106,1000,919,8,4,mooncake_store,client_service.cpp::TransferData.Submit[W],81509
2026-07-22 20:49:48.100474425,1000,919,8,4,mooncake_store,client_service.cpp::TransferData.Submit[W],56204
2026-07-22 20:49:48.102649469,1000,919,8,4,mooncake_store,client_service.cpp::TransferData.Submit[W],52140
2026-07-22 20:49:48.104915569,1000,919,8,4,mooncake_store,client_service.cpp::TransferData.Submit[W],49447
2026-07-22 20:49:48.107433610,1000,919,8,4,mooncake_store,client_service.cpp::TransferData.Submit[W],52635
2026-07-22 20:49:48.109628070,1000,919,8,4,mooncake_store,client_service.cpp::TransferData.Submit[W],50915
2026-07-22 20:49:48.111903652,1000,919,8,4,mooncake_store,client_service.cpp::TransferData.Submit[W],44808
2026-07-22 20:49:48.114087719,1000,919,8,4,mooncake_store,client_service.cpp::TransferData.Submit[W],63419
2026-07-22 20:49:48.116581648,1000,919,8,4,mooncake_store,client_service.cpp::TransferData.Submit[W],63648
2026-07-22 20:49:48.119296991,1000,919,8,4,mooncake_store,client_service.cpp::TransferData.Submit[W],64050
2026-07-22 20:49:48.121770510,1000,919,8,4,mooncake_store,client_service.cpp::TransferData.Submit[W],64992
2026-07-22 20:49:48.124144305,1000,919,8,4,mooncake_store,client_service.cpp::TransferData.Submit[W],56666
2026-07-22 20:49:48.126661153,1000,919,8,4,mooncake_store,client_service.cpp::TransferData.Submit[W],40981
2026-07-22 20:49:48.129132210,1000,919,8,4,mooncake_store,client_service.cpp::TransferData.Submit[W],51439
2026-07-22 20:49:48.131493129,1000,919,8,4,mooncake_store,client_service.cpp::TransferData.Submit[W],78515
2026-07-22 20:49:48.133907463,1000,919,8,4,mooncake_store,client_service.cpp::TransferData.Submit[W],75498
2026-07-22 20:49:48.136329601,1000,919,8,4,mooncake_store,client_service.cpp::TransferData.Submit[W],53074
2026-07-22 20:49:48.138692543,1000,919,8,4,mooncake_store,client_service.cpp::TransferData.Submit[W],50405
2026-07-22 20:49:48.141066899,1000,919,8,4,mooncake_store,client_service.cpp::TransferData.Submit[W],62480
2026-07-22 20:49:48.143291276,1000,919,8,4,mooncake_store,client_service.cpp::TransferData.Submit[W],52508
2026-07-22 20:49:48.145760786,1000,919,8,4,mooncake_store,client_service.cpp::TransferData.Submit[W],52574
2026-07-22 20:49:48.147977174,1000,919,8,4,mooncake_store,client_service.cpp::TransferData.Submit[W],87803
2026-07-22 20:49:48.150630304,1000,919,8,4,mooncake_store,client_service.cpp::TransferData.Submit[W],85529
2026-07-22 20:49:48.153131032,1000,919,8,4,mooncake_store,client_service.cpp::TransferData.Submit[W],74847
2026-07-22 20:49:48.155692447,1000,919,8,4,mooncake_store,client_service.cpp::TransferData.Submit[W],72584
2026-07-22 20:49:48.158292844,1000,919,8,4,mooncake_store,client_service.cpp::TransferData.Submit[W],66663
2026-07-22 20:49:48.160697799,1000,919,8,4,mooncake_store,client_service.cpp::TransferData.Submit[W],55076
2026-07-22 20:49:48.163186957,1000,919,8,4,mooncake_store,client_service.cpp::TransferData.Submit[W],74490
2026-07-22 20:49:48.165742002,1000,919,8,4,mooncake_store,client_service.cpp::TransferData.Submit[W],44119
2026-07-22 20:49:48.168262670,1000,919,8,4,mooncake_store,client_service.cpp::TransferData.Submit[W],74452
2026-07-22 20:49:48.170424914,1000,919,8,4,mooncake_store,client_service.cpp::TransferData.Submit[W],66652
2026-07-22 20:49:48.173045616,1000,919,8,4,mooncake_store,client_service.cpp::TransferData.Submit[W],59709
2026-07-22 20:49:48.175381670,1000,919,8,4,mooncake_store,client_service.cpp::TransferData.Submit[W],73786
2026-07-22 20:49:48.177655996,1000,919,8,4,mooncake_store,client_service.cpp::TransferData.Submit[W],75191
2026-07-22 20:49:48.180135962,1000,919,8,4,mooncake_store,client_service.cpp::TransferData.Submit[W],84415
2026-07-22 20:49:48.182611213,1000,919,8,4,mooncake_store,client_service.cpp::TransferData.Submit[W],160962
2026-07-22 20:49:48.185096945,1000,919,8,4,mooncake_store,client_service.cpp::TransferData.Submit[W],47909
2026-07-22 20:49:48.187476617,1000,919,8,4,mooncake_store,client_service.cpp::TransferData.Submit[W],91312
2026-07-22 20:49:48.189813100,1000,919,8,4,mooncake_store,client_service.cpp::TransferData.Submit[W],51124
2026-07-22 20:49:48.192102533,1000,919,8,4,mooncake_store,client_service.cpp::TransferData.Submit[W],56757
2026-07-22 20:49:48.194314271,1000,919,8,4,mooncake_store,client_service.cpp::TransferData.Submit[W],42882
2026-07-22 20:49:48.197034681,1000,919,8,4,mooncake_store,client_service.cpp::TransferData.Submit[W],77566
2026-07-22 20:49:48.199482859,1000,919,8,4,mooncake_store,client_service.cpp::TransferData.Submit[W],58201
2026-07-22 20:49:48.202093053,1000,919,8,4,mooncake_store,client_service.cpp::TransferData.Submit[W],72065
2026-07-22 20:49:48.204708692,1000,919,8,4,mooncake_store,client_service.cpp::TransferData.Submit[W],64828
2026-07-22 20:49:48.206995610,1000,919,8,4,mooncake_store,client_service.cpp::TransferData.Submit[W],63019
2026-07-22 20:49:48.209336532,1000,919,8,4,mooncake_store,client_service.cpp::TransferData.Submit[W],50767
2026-07-22 20:49:48.211730796,1000,919,8,4,mooncake_store,client_service.cpp::TransferData.Submit[W],61565
2026-07-22 20:49:48.214159090,1000,919,8,4,mooncake_store,client_service.cpp::TransferData.Submit[W],34819
2026-07-22 20:49:48.216442656,1000,919,8,4,mooncake_store,client_service.cpp::TransferData.Submit[W],52763
2026-07-22 20:49:48.218833884,1000,919,8,4,mooncake_store,client_service.cpp::TransferData.Submit[W],52923
2026-07-22 20:49:48.221096511,1000,919,8,4,mooncake_store,client_service.cpp::TransferData.Submit[W],75886
2026-07-22 20:49:48.223272463,1000,919,8,4,mooncake_store,client_service.cpp::TransferData.Submit[W],53453
2026-07-22 20:49:48.225503924,1000,919,8,4,mooncake_store,client_service.cpp::TransferData.Submit[W],50951
2026-07-22 20:49:48.227788234,1000,919,8,4,mooncake_store,client_service.cpp::TransferData.Submit[W],67908
2026-07-22 20:49:48.230112017,1000,919,8,4,mooncake_store,client_service.cpp::TransferData.Submit[W],60948
2026-07-22 20:49:48.232132262,1000,919,8,4,mooncake_store,client_service.cpp::TransferData.Submit[W],64563
2026-07-22 20:49:48.234397680,1000,919,8,4,mooncake_store,client_service.cpp::TransferData.Submit[W],41065
2026-07-22 20:49:48.236684159,1000,919,8,4,mooncake_store,client_service.cpp::TransferData.Submit[W],64051
2026-07-22 20:49:48.238906804,1000,919,8,4,mooncake_store,client_service.cpp::TransferData.Submit[W],55276
2026-07-22 20:49:48.241186999,1000,919,8,4,mooncake_store,client_service.cpp::TransferData.Submit[W],50733
2026-07-22 20:49:48.243623521,1000,919,8,4,mooncake_store,client_service.cpp::TransferData.Submit[W],59161
2026-07-22 20:49:48.246067885,1000,919,8,4,mooncake_store,client_service.cpp::TransferData.Submit[W],36550
2026-07-22 20:49:48.248270098,1000,919,8,4,mooncake_store,client_service.cpp::TransferData.Submit[W],49131
2026-07-22 20:49:48.250571488,1000,919,8,4,mooncake_store,client_service.cpp::TransferData.Submit[W],50277
2026-07-22 20:49:48.252861038,1000,919,8,4,mooncake_store,client_service.cpp::TransferData.Submit[W],59421
2026-07-22 20:49:48.255179710,1000,919,8,4,mooncake_store,client_service.cpp::TransferData.Submit[W],37893
2026-07-22 20:49:48.257647336,1000,919,8,4,mooncake_store,client_service.cpp::TransferData.Submit[W],56747
2026-07-22 20:49:48.259974372,1000,919,8,4,mooncake_store,client_service.cpp::TransferData.Submit[W],41359
2026-07-22 20:49:48.262087175,1000,919,8,4,mooncake_store,client_service.cpp::TransferData.Submit[W],50395
2026-07-22 20:49:48.264226712,1000,919,8,4,mooncake_store,client_service.cpp::TransferData.Submit[W],56907
2026-07-22 20:49:48.266421102,1000,919,8,4,mooncake_store,client_service.cpp::TransferData.Submit[W],66420
2026-07-22 20:49:48.268635434,1000,919,8,4,mooncake_store,client_service.cpp::TransferData.Submit[W],57032
2026-07-22 20:49:48.270853626,1000,919,8,4,mooncake_store,client_service.cpp::TransferData.Submit[W],58527
2026-07-22 20:49:48.273138774,1000,919,8,4,mooncake_store,client_service.cpp::TransferData.Submit[W],63547
2026-07-22 20:49:48.275366065,1000,919,8,4,mooncake_store,client_service.cpp::TransferData.Submit[W],62346
2026-07-22 20:49:48.277491202,1000,919,8,4,mooncake_store,client_service.cpp::TransferData.Submit[W],53290
2026-07-22 20:49:48.279583075,1000,919,8,4,mooncake_store,client_service.cpp::TransferData.Submit[W],50635
2026-07-22 20:49:48.282193553,1000,919,8,4,mooncake_store,client_service.cpp::TransferData.Submit[W],67219
2026-07-22 20:49:48.284595165,1000,919,8,4,mooncake_store,client_service.cpp::TransferData.Submit[W],50648
2026-07-22 20:49:48.049951290,1000,919,8,4,mooncake_store,client_service.cpp::TransferData.Wait[W],910371
2026-07-22 20:49:48.052374821,1000,919,8,4,mooncake_store,client_service.cpp::TransferData.Wait[W],912723
2026-07-22 20:49:48.054715890,1000,919,8,4,mooncake_store,client_service.cpp::TransferData.Wait[W],910440
2026-07-22 20:49:48.057164183,1000,919,8,4,mooncake_store,client_service.cpp::TransferData.Wait[W],932125
2026-07-22 20:49:48.059820799,1000,919,8,4,mooncake_store,client_service.cpp::TransferData.Wait[W],976310
2026-07-22 20:49:48.062354115,1000,919,8,4,mooncake_store,client_service.cpp::TransferData.Wait[W],960137
2026-07-22 20:49:48.064858060,1000,919,8,4,mooncake_store,client_service.cpp::TransferData.Wait[W],973316
2026-07-22 20:49:48.067409645,1000,919,8,4,mooncake_store,client_service.cpp::TransferData.Wait[W],819872
2026-07-22 20:49:48.069962998,1000,919,8,4,mooncake_store,client_service.cpp::TransferData.Wait[W],970383
2026-07-22 20:49:48.072344170,1000,919,8,4,mooncake_store,client_service.cpp::TransferData.Wait[W],946533
2026-07-22 20:49:48.074720522,1000,919,8,4,mooncake_store,client_service.cpp::TransferData.Wait[W],861781
2026-07-22 20:49:48.077004095,1000,919,8,4,mooncake_store,client_service.cpp::TransferData.Wait[W],763891
2026-07-22 20:49:48.079467377,1000,919,8,4,mooncake_store,client_service.cpp::TransferData.Wait[W],874117
2026-07-22 20:49:48.081826027,1000,919,8,4,mooncake_store,client_service.cpp::TransferData.Wait[W],837124
2026-07-22 20:49:48.084337748,1000,919,8,4,mooncake_store,client_service.cpp::TransferData.Wait[W],1000545
2026-07-22 20:49:48.086821602,1000,919,8,4,mooncake_store,client_service.cpp::TransferData.Wait[W],980978
2026-07-22 20:49:48.089500775,1000,919,8,4,mooncake_store,client_service.cpp::TransferData.Wait[W],924755
2026-07-22 20:49:48.091961265,1000,919,8,4,mooncake_store,client_service.cpp::TransferData.Wait[W],952542
2026-07-22 20:49:48.094257192,1000,919,8,4,mooncake_store,client_service.cpp::TransferData.Wait[W],794468
2026-07-22 20:49:48.096699062,1000,919,8,4,mooncake_store,client_service.cpp::TransferData.Wait[W],862321
2026-07-22 20:49:48.099040840,1000,919,8,4,mooncake_store,client_service.cpp::TransferData.Wait[W],885126
2026-07-22 20:49:48.101272833,1000,919,8,4,mooncake_store,client_service.cpp::TransferData.Wait[W],797273
2026-07-22 20:49:48.103520941,1000,919,8,4,mooncake_store,client_service.cpp::TransferData.Wait[W],870401
2026-07-22 20:49:48.105888855,1000,919,8,4,mooncake_store,client_service.cpp::TransferData.Wait[W],972213
2026-07-22 20:49:48.108232233,1000,919,8,4,mooncake_store,client_service.cpp::TransferData.Wait[W],797320
2026-07-22 20:49:48.110475827,1000,919,8,4,mooncake_store,client_service.cpp::TransferData.Wait[W],846720
2026-07-22 20:49:48.112687565,1000,919,8,4,mooncake_store,client_service.cpp::TransferData.Wait[W],782915
2026-07-22 20:49:48.115048940,1000,919,8,4,mooncake_store,client_service.cpp::TransferData.Wait[W],959793
2026-07-22 20:49:48.117688986,1000,919,8,4,mooncake_store,client_service.cpp::TransferData.Wait[W],1105934
2026-07-22 20:49:48.120222529,1000,919,8,4,mooncake_store,client_service.cpp::TransferData.Wait[W],924424
2026-07-22 20:49:48.122633119,1000,919,8,4,mooncake_store,client_service.cpp::TransferData.Wait[W],861454
2026-07-22 20:49:48.125132304,1000,919,8,4,mooncake_store,client_service.cpp::TransferData.Wait[W],986809
2026-07-22 20:49:48.127533750,1000,919,8,4,mooncake_store,client_service.cpp::TransferData.Wait[W],871503
2026-07-22 20:49:48.130044880,1000,919,8,4,mooncake_store,client_service.cpp::TransferData.Wait[W],911553
2026-07-22 20:49:48.132392038,1000,919,8,4,mooncake_store,client_service.cpp::TransferData.Wait[W],897404
2026-07-22 20:49:48.134818054,1000,919,8,4,mooncake_store,client_service.cpp::TransferData.Wait[W],909110
2026-07-22 20:49:48.137234651,1000,919,8,4,mooncake_store,client_service.cpp::TransferData.Wait[W],903949
2026-07-22 20:49:48.139605191,1000,919,8,4,mooncake_store,client_service.cpp::TransferData.Wait[W],911601
2026-07-22 20:49:48.141822463,1000,919,8,4,mooncake_store,client_service.cpp::TransferData.Wait[W],754393
2026-07-22 20:49:48.144245118,1000,919,8,4,mooncake_store,client_service.cpp::TransferData.Wait[W],952555
2026-07-22 20:49:48.146536868,1000,919,8,4,mooncake_store,client_service.cpp::TransferData.Wait[W],775024
2026-07-22 20:49:48.148932074,1000,919,8,4,mooncake_store,client_service.cpp::TransferData.Wait[W],953456
2026-07-22 20:49:48.151507402,1000,919,8,4,mooncake_store,client_service.cpp::TransferData.Wait[W],875541
2026-07-22 20:49:48.154189303,1000,919,8,4,mooncake_store,client_service.cpp::TransferData.Wait[W],1056995
2026-07-22 20:49:48.156806228,1000,919,8,4,mooncake_store,client_service.cpp::TransferData.Wait[W],1112425
2026-07-22 20:49:48.159210980,1000,919,8,4,mooncake_store,client_service.cpp::TransferData.Wait[W],916973
2026-07-22 20:49:48.161518172,1000,919,8,4,mooncake_store,client_service.cpp::TransferData.Wait[W],819226
2026-07-22 20:49:48.164257406,1000,919,8,4,mooncake_store,client_service.cpp::TransferData.Wait[W],1069127
2026-07-22 20:49:48.166656893,1000,919,8,4,mooncake_store,client_service.cpp::TransferData.Wait[W],913669
2026-07-22 20:49:48.168933462,1000,919,8,4,mooncake_store,client_service.cpp::TransferData.Wait[W],669429
2026-07-22 20:49:48.171369414,1000,919,8,4,mooncake_store,client_service.cpp::TransferData.Wait[W],943238
2026-07-22 20:49:48.173811168,1000,919,8,4,mooncake_store,client_service.cpp::TransferData.Wait[W],764239
2026-07-22 20:49:48.176092212,1000,919,8,4,mooncake_store,client_service.cpp::TransferData.Wait[W],709308
2026-07-22 20:49:48.178512079,1000,919,8,4,mooncake_store,client_service.cpp::TransferData.Wait[W],854716
2026-07-22 20:49:48.180866700,1000,919,8,4,mooncake_store,client_service.cpp::TransferData.Wait[W],729428
2026-07-22 20:49:48.183527271,1000,919,8,4,mooncake_store,client_service.cpp::TransferData.Wait[W],913675
2026-07-22 20:49:48.185920339,1000,919,8,4,mooncake_store,client_service.cpp::TransferData.Wait[W],822287
2026-07-22 20:49:48.188304651,1000,919,8,4,mooncake_store,client_service.cpp::TransferData.Wait[W],826509
2026-07-22 20:49:48.190668174,1000,919,8,4,mooncake_store,client_service.cpp::TransferData.Wait[W],854004
2026-07-22 20:49:48.192866569,1000,919,8,4,mooncake_store,client_service.cpp::TransferData.Wait[W],762873
2026-07-22 20:49:48.195345418,1000,919,8,4,mooncake_store,client_service.cpp::TransferData.Wait[W],1030063
2026-07-22 20:49:48.197911613,1000,919,8,4,mooncake_store,client_service.cpp::TransferData.Wait[W],875573
2026-07-22 20:49:48.200425745,1000,919,8,4,mooncake_store,client_service.cpp::TransferData.Wait[W],941604
2026-07-22 20:49:48.203160186,1000,919,8,4,mooncake_store,client_service.cpp::TransferData.Wait[W],1065959
2026-07-22 20:49:48.205495526,1000,919,8,4,mooncake_store,client_service.cpp::TransferData.Wait[W],785616
2026-07-22 20:49:48.207858396,1000,919,8,4,mooncake_store,client_service.cpp::TransferData.Wait[W],861606
2026-07-22 20:49:48.210169624,1000,919,8,4,mooncake_store,client_service.cpp::TransferData.Wait[W],831894
2026-07-22 20:49:48.212671523,1000,919,8,4,mooncake_store,client_service.cpp::TransferData.Wait[W],939531
2026-07-22 20:49:48.214862313,1000,919,8,4,mooncake_store,client_service.cpp::TransferData.Wait[W],702234
2026-07-22 20:49:48.217259617,1000,919,8,4,mooncake_store,client_service.cpp::TransferData.Wait[W],815878
2026-07-22 20:49:48.219637249,1000,919,8,4,mooncake_store,client_service.cpp::TransferData.Wait[W],802241
2026-07-22 20:49:48.221824559,1000,919,8,4,mooncake_store,client_service.cpp::TransferData.Wait[W],726652
2026-07-22 20:49:48.224079407,1000,919,8,4,mooncake_store,client_service.cpp::TransferData.Wait[W],805820
2026-07-22 20:49:48.226326058,1000,919,8,4,mooncake_store,client_service.cpp::TransferData.Wait[W],821073
2026-07-22 20:49:48.228657276,1000,919,8,4,mooncake_store,client_service.cpp::TransferData.Wait[W],867667
2026-07-22 20:49:48.230801988,1000,919,8,4,mooncake_store,client_service.cpp::TransferData.Wait[W],688796
2026-07-22 20:49:48.232938811,1000,919,8,4,mooncake_store,client_service.cpp::TransferData.Wait[W],805224
2026-07-22 20:49:48.235213464,1000,919,8,4,mooncake_store,client_service.cpp::TransferData.Wait[W],814777
2026-07-22 20:49:48.237454631,1000,919,8,4,mooncake_store,client_service.cpp::TransferData.Wait[W],769323
2026-07-22 20:49:48.239694997,1000,919,8,4,mooncake_store,client_service.cpp::TransferData.Wait[W],786926
2026-07-22 20:49:48.242212216,1000,919,8,4,mooncake_store,client_service.cpp::TransferData.Wait[W],1024093
2026-07-22 20:49:48.244597176,1000,919,8,4,mooncake_store,client_service.cpp::TransferData.Wait[W],972562
2026-07-22 20:49:48.246820631,1000,919,8,4,mooncake_store,client_service.cpp::TransferData.Wait[W],751750
2026-07-22 20:49:48.249101235,1000,919,8,4,mooncake_store,client_service.cpp::TransferData.Wait[W],829895
2026-07-22 20:49:48.251405578,1000,919,8,4,mooncake_store,client_service.cpp::TransferData.Wait[W],832882
2026-07-22 20:49:48.253771588,1000,919,8,4,mooncake_store,client_service.cpp::TransferData.Wait[W],909398
2026-07-22 20:49:48.256198414,1000,919,8,4,mooncake_store,client_service.cpp::TransferData.Wait[W],1017627
2026-07-22 20:49:48.258523005,1000,919,8,4,mooncake_store,client_service.cpp::TransferData.Wait[W],874610
2026-07-22 20:49:48.260734589,1000,919,8,4,mooncake_store,client_service.cpp::TransferData.Wait[W],759233
2026-07-22 20:49:48.262777966,1000,919,8,4,mooncake_store,client_service.cpp::TransferData.Wait[W],689748
2026-07-22 20:49:48.264962061,1000,919,8,4,mooncake_store,client_service.cpp::TransferData.Wait[W],734186
2026-07-22 20:49:48.267189159,1000,919,8,4,mooncake_store,client_service.cpp::TransferData.Wait[W],766829
2026-07-22 20:49:48.269453481,1000,919,8,4,mooncake_store,client_service.cpp::TransferData.Wait[W],816933
2026-07-22 20:49:48.271680747,1000,919,8,4,mooncake_store,client_service.cpp::TransferData.Wait[W],825962
2026-07-22 20:49:48.273905317,1000,919,8,4,mooncake_store,client_service.cpp::TransferData.Wait[W],765429
2026-07-22 20:49:48.276118572,1000,919,8,4,mooncake_store,client_service.cpp::TransferData.Wait[W],751310
2026-07-22 20:49:48.278249062,1000,919,8,4,mooncake_store,client_service.cpp::TransferData.Wait[W],756843
2026-07-22 20:49:48.280721543,1000,919,8,4,mooncake_store,client_service.cpp::TransferData.Wait[W],1137424
2026-07-22 20:49:48.283146712,1000,919,8,4,mooncake_store,client_service.cpp::TransferData.Wait[W],951984
2026-07-22 20:49:48.285492963,1000,919,8,4,mooncake_store,client_service.cpp::TransferData.Wait[W],896555
